grn_no,received_date,vendor_name,qty_qtl,rate
GRN00001,2023-04-16,Sardar Bhadar Agro Traders,3424.0,2352
GRN00002,2023-04-14,Jay Chudasama Agri Residue LLP,1471.0,2344
GRN00003,2023-04-13,New Patel Agri Residue LLP,4164.0,2400
GRN00004,2023-05-12,Shree Girnar Krishi Udyog,3415.0,2384
GRN00005,2023-04-19,Somnath Girnar Biofuels,4115.0,2545
GRN00006,2023-04-10,Maa Girnar Krishi Udyog,1170.0,2362
GRN00007,2023-04-26,Shree Saurashtra Biomass LLP,2011.0,2292
GRN00008,2023-04-16,Jay Chudasama Agri Residue LLP,4128.0,2289
GRN00009,2023-04-16,Dwarka Desai Krishi Udyog,1353.0,2615
GRN00010,2023-04-13,Om Chudasama Bioenergy,3314.0,2337
GRN00011,2023-04-17,Jay Chudasama Agri Residue LLP,1710.0,2322
GRN00012,2023-05-06,Somnath Sabar Biofuels,1644.0,2357
GRN00013,2023-04-13,Dwarka Girnar Trading Company,2849.0,2357
GRN00014,2023-05-09,Shree Ambaji Trading Company,2943.0,2470
GRN00015,2023-04-10,Dwarka Gohil Pellet Works,2384.0,2339
GRN00016,2023-04-21,Jay Chudasama Agri Residue LLP,2697.0,2320
GRN00017,2023-04-28,Sardar Sabar Agri Residue LLP,3334.0,2371
GRN00018,2023-05-18,Dwarka Ambaji Trading Company,1665.0,2480
GRN00019,2023-05-06,Om Bhal Trading Company,1778.0,2517
GRN00020,2023-06-08,Somnath Sabar Biofuels,2389.0,2406
GRN00021,2023-06-07,Maa Solanki Krishi Udyog,1863.0,2358
GRN00022,2023-05-27,New Gohil Biomass LLP,2660.0,2369
GRN00023,2023-06-05,Shree Girnar Krishi Udyog,3270.0,2375
GRN00024,2023-05-28,Jay Chudasama Agri Residue LLP,2995.0,2358
GRN00025,2023-05-16,Dwarka Desai Agri Residue LLP,2212.0,2428
GRN00026,2023-06-05,Maa Kathiawad Biomass LLP,4182.0,2476
GRN00027,2023-05-25,Maa Girnar Krishi Udyog,2872.0,2353
GRN00028,2023-05-19,Dwarka Desai Krishi Udyog,2384.0,2671
GRN00029,2023-05-12,Dwarka Girnar Trading Company,3791.0,2417
GRN00030,2023-05-31,Maa Solanki Krishi Udyog,3291.0,2343
GRN00031,2023-05-11,Jay Bhal Agri Residue LLP,3796.0,2410
GRN00032,2023-05-23,Dwarka Desai Krishi Udyog,3870.0,2525
GRN00033,2023-05-27,Jay Sabar Agri Residue LLP,2174.0,2477
GRN00034,2023-05-20,Somnath Girnar Biofuels,2994.0,2597
GRN00035,2023-06-10,Shree Girnar Krishi Udyog,2013.0,2348
GRN00036,2023-05-28,Jay Sabar Agri Residue LLP,1451.0,2401
GRN00037,2023-06-12,Om Chudasama Bioenergy,3443.0,2452
GRN00038,2023-06-27,Dwarka Desai Agri Residue LLP,3721.0,2465
GRN00039,2023-06-13,Dwarka Desai Agri Residue LLP,1682.0,2469
GRN00040,2023-06-18,Dwarka Desai Agri Residue LLP,3819.0,2467
GRN00041,2023-06-10,Sardar Sabar Agri Residue LLP,3660.0,2473
GRN00042,2023-07-06,Om Bhal Trading Company,1443.0,2706
GRN00043,2023-07-12,Somnath Sabar Biofuels,2210.0,2506
GRN00044,2023-06-17,Dwarka Desai Krishi Udyog,3700.0,2712
GRN00045,2023-06-28,Jay Sabar Agri Residue LLP,3168.0,2453
GRN00046,2023-06-28,Om Chudasama Bioenergy,2032.0,2440
GRN00047,2023-06-24,Dwarka Gohil Pellet Works,3263.0,2530
GRN00048,2023-06-12,Om Chudasama Bioenergy,4018.0,2447
GRN00049,2023-06-28,Dwarka Desai Agri Residue LLP,1662.0,2438
GRN00050,2023-06-11,Somnath Girnar Biofuels,1678.0,2604
GRN00051,2023-06-15,New Patel Agri Residue LLP,2152.0,2530
GRN00052,2023-07-18,Shree Ambaji Trading Company,3395.0,2714
GRN00053,2023-07-08,Shree Girnar Krishi Udyog,1747.0,2458
GRN00054,2023-08-05,Maa Kathiawad Biomass LLP,2738.0,2527
GRN00055,2023-08-18,Shree Girnar Krishi Udyog,2093.0,2483
GRN00056,2023-07-31,Om Bhal Trading Company,4135.0,2647
GRN00057,2023-07-11,Sardar Sabar Agri Residue LLP,2032.0,2484
GRN00058,2023-07-18,Jay Bhal Agri Residue LLP,2248.0,2436
GRN00059,2023-07-30,Dwarka Ambaji Trading Company,1679.0,2669
GRN00060,2023-07-25,Dwarka Girnar Trading Company,1732.0,2438
GRN00061,2023-07-15,Maa Girnar Krishi Udyog,1376.0,2449
GRN00062,2023-07-14,Dwarka Girnar Trading Company,3155.0,2521
GRN00063,2023-07-15,New Patel Agri Residue LLP,3563.0,2571
GRN00064,2023-07-28,Shree Girnar Krishi Udyog,2380.0,2433
GRN00065,2023-07-24,Jay Sabar Biofuels,1426.0,2505
GRN00066,2023-08-02,Maa Solanki Krishi Udyog,3199.0,2520
GRN00067,2023-07-30,Maa Kathiawad Biomass LLP,2582.0,2491
GRN00068,2023-07-17,Shree Saurashtra Biomass LLP,3242.0,2438
GRN00069,2023-08-21,Somnath Sabar Biofuels,3305.0,2446
GRN00070,2023-07-28,Om Chudasama Bioenergy,2756.0,2526
GRN00071,2023-08-17,Shree Girnar Krishi Udyog,1262.0,2563
GRN00072,2023-07-16,Jay Sabar Biofuels,3494.0,2461
GRN00073,2023-08-09,Dwarka Ambaji Trading Company,3921.0,2650
GRN00074,2023-07-14,New Patel Agri Residue LLP,2524.0,2550
GRN00075,2023-07-22,Somnath Girnar Biofuels,2698.0,2632
GRN00076,2023-08-24,Jay Bhal Agri Residue LLP,1215.0,2463
GRN00077,2023-08-28,Shree Saurashtra Biomass LLP,2890.0,2467
GRN00078,2023-09-12,Somnath Sabar Biofuels,3819.0,2460
GRN00079,2023-08-22,Jay Chudasama Agri Residue LLP,1495.0,2383
GRN00080,2023-08-25,Maa Girnar Krishi Udyog,3980.0,2409
GRN00081,2023-08-20,Shree Saurashtra Biomass LLP,1784.0,2498
GRN00082,2023-09-15,Dwarka Ambaji Trading Company,3852.0,2587
GRN00083,2023-09-12,Shree Girnar Krishi Udyog,2946.0,2388
GRN00084,2023-08-31,Om Bhal Trading Company,3500.0,2646
GRN00085,2023-08-13,Somnath Bhadar Biomass LLP,4100.0,2440
GRN00086,2023-08-11,Sardar Bhadar Agro Traders,1473.0,2491
GRN00087,2023-09-07,Shree Girnar Krishi Udyog,3677.0,2467
GRN00088,2023-08-28,Jay Sabar Agri Residue LLP,1296.0,2433
GRN00089,2023-08-29,Dwarka Ambaji Trading Company,1776.0,2595
GRN00090,2023-08-23,Sardar Bhadar Agro Traders,1612.0,2477
GRN00091,2023-08-21,Dwarka Girnar Trading Company,3728.0,2487
GRN00092,2023-08-23,Dwarka Desai Krishi Udyog,2250.0,2687
GRN00093,2023-09-28,Dwarka Ambaji Trading Company,4055.0,2480
GRN00094,2023-09-28,Dwarka Ambaji Trading Company,3167.0,2574
GRN00095,2023-09-27,Om Chudasama Bioenergy,2952.0,2330
GRN00096,2023-10-13,Dwarka Ambaji Trading Company,3945.0,2460
GRN00097,2023-09-17,Jay Sabar Agri Residue LLP,3912.0,2356
GRN00098,2023-10-09,Maa Kathiawad Biomass LLP,2267.0,2274
GRN00099,2023-10-07,Shree Girnar Krishi Udyog,2293.0,2338
GRN00100,2023-09-12,Om Chudasama Bioenergy,3743.0,2307
GRN00101,2023-09-17,Sardar Bhadar Agro Traders,3790.0,2308
GRN00102,2023-09-28,Sardar Bhadar Agro Traders,1698.0,2380
GRN00103,2023-09-24,New Gohil Biomass LLP,3861.0,2314
GRN00104,2023-09-10,Dwarka Girnar Trading Company,2966.0,2333
GRN00105,2023-10-19,Somnath Sabar Biofuels,3662.0,2309
GRN00106,2023-10-05,Somnath Sabar Biofuels,4121.0,2401
GRN00107,2023-10-20,Dwarka Ambaji Trading Company,2087.0,2587
GRN00108,2023-09-24,New Gohil Biomass LLP,2177.0,2374
GRN00109,2023-09-10,Somnath Girnar Biofuels,1466.0,2560
GRN00110,2023-09-19,Jay Sabar Agri Residue LLP,2790.0,2372
GRN00111,2023-09-18,Maa Girnar Krishi Udyog,3375.0,2362
GRN00112,2023-10-13,Shree Girnar Krishi Udyog,2453.0,2275
GRN00113,2023-11-09,Somnath Sabar Biofuels,2380.0,2262
GRN00114,2023-11-05,Shree Ambaji Trading Company,1524.0,2486
GRN00115,2023-10-28,Shree Saurashtra Biomass LLP,3000.0,2229
GRN00116,2023-11-23,Maa Solanki Krishi Udyog,1425.0,2302
GRN00117,2023-10-26,Shree Girnar Krishi Udyog,3865.0,2248
GRN00118,2023-10-18,Somnath Girnar Biofuels,1440.0,2487
GRN00119,2023-10-24,Maa Girnar Krishi Udyog,1975.0,2251
GRN00120,2023-11-16,Maa Kathiawad Biomass LLP,2177.0,2223
GRN00121,2023-11-10,Shree Ambaji Trading Company,2733.0,2438
GRN00122,2023-10-30,Somnath Sabar Biofuels,3206.0,2289
GRN00123,2023-10-19,Dwarka Girnar Trading Company,2563.0,2257
GRN00124,2023-10-28,Dwarka Desai Agri Residue LLP,2112.0,2292
GRN00125,2023-11-18,Dwarka Ambaji Trading Company,2524.0,2379
GRN00126,2023-11-06,Shree Girnar Krishi Udyog,2805.0,2279
GRN00127,2023-11-13,Shree Girnar Krishi Udyog,3850.0,2270
GRN00128,2023-11-21,Jay Bhal Agri Residue LLP,3818.0,2163
GRN00129,2023-12-15,Om Bhal Trading Company,3399.0,2287
GRN00130,2023-11-22,New Patel Agri Residue LLP,3180.0,2210
GRN00131,2023-12-04,Shree Ambaji Trading Company,2931.0,2310
GRN00132,2023-12-05,Om Bhal Trading Company,2303.0,2400
GRN00133,2023-11-14,Jay Bhal Agri Residue LLP,1835.0,2186
GRN00134,2023-11-28,New Gohil Biomass LLP,3112.0,2160
GRN00135,2023-11-16,Jay Sabar Biofuels,3074.0,2150
GRN00136,2023-11-22,Dwarka Gohil Pellet Works,2386.0,2197
GRN00137,2023-11-25,Maa Girnar Krishi Udyog,3979.0,2246
GRN00138,2023-11-19,Sardar Bhadar Agro Traders,3819.0,2118
GRN00139,2023-11-28,Shree Girnar Krishi Udyog,1465.0,2166
GRN00140,2023-11-10,Dwarka Desai Agri Residue LLP,2298.0,2162
GRN00141,2023-11-12,New Patel Agri Residue LLP,2349.0,2152
GRN00142,2023-11-13,Shree Saurashtra Biomass LLP,1378.0,2197
GRN00143,2023-12-22,New Patel Agri Residue LLP,2665.0,2113
GRN00144,2023-12-11,Jay Bhal Agri Residue LLP,2602.0,2172
GRN00145,2023-12-18,Sardar Sabar Agri Residue LLP,4128.0,2085
GRN00146,2023-12-12,Somnath Bhadar Biomass LLP,3020.0,2159
GRN00147,2023-12-16,Maa Girnar Krishi Udyog,925.0,2191
GRN00148,2023-12-15,Om Chudasama Bioenergy,3814.0,2091
GRN00149,2023-12-12,Sardar Bhadar Agro Traders,2590.0,2199
GRN00150,2023-12-23,Om Chudasama Bioenergy,2207.0,2195
GRN00151,2023-12-17,Jay Chudasama Agri Residue LLP,2912.0,2149
GRN00152,2023-12-23,Dwarka Girnar Trading Company,2688.0,2189
GRN00153,2023-12-27,Jay Sabar Agri Residue LLP,2633.0,2112
GRN00154,2023-12-18,Maa Girnar Krishi Udyog,2014.0,2139
GRN00155,2023-12-18,Somnath Bhadar Biomass LLP,1308.0,2085
GRN00156,2023-12-13,Shree Saurashtra Biomass LLP,3282.0,2176
GRN00157,2023-12-11,Sardar Bhadar Agro Traders,3560.0,2157
GRN00158,2024-02-05,Dwarka Ambaji Trading Company,3839.0,2370
GRN00159,2024-01-14,Dwarka Desai Krishi Udyog,3336.0,2365
GRN00160,2024-01-19,Maa Girnar Krishi Udyog,1887.0,2240
GRN00161,2024-02-05,Dwarka Ambaji Trading Company,1309.0,2417
GRN00162,2024-01-25,Jay Sabar Agri Residue LLP,2129.0,2233
GRN00163,2024-02-11,Somnath Sabar Biofuels,1414.0,2182
GRN00164,2024-02-15,Shree Ambaji Trading Company,1593.0,2392
GRN00165,2024-02-08,Maa Kathiawad Biomass LLP,1747.0,2198
GRN00166,2024-01-14,Somnath Bhadar Biomass LLP,3647.0,2169
GRN00167,2024-02-04,Maa Solanki Krishi Udyog,2625.0,2233
GRN00168,2024-02-15,Shree Ambaji Trading Company,4005.0,2402
GRN00169,2024-02-13,Maa Solanki Krishi Udyog,2528.0,2198
GRN00170,2024-02-14,Somnath Sabar Biofuels,1269.0,2212
GRN00171,2024-01-25,New Patel Agri Residue LLP,1317.0,2120
GRN00172,2024-02-12,Somnath Sabar Biofuels,1325.0,2117
GRN00173,2024-01-17,Shree Saurashtra Biomass LLP,3621.0,2123
GRN00174,2024-01-20,Dwarka Girnar Trading Company,1520.0,2152
GRN00175,2024-02-03,Maa Kathiawad Biomass LLP,2286.0,2169
GRN00176,2024-02-10,Somnath Bhadar Biomass LLP,1530.0,2249
GRN00177,2024-02-20,Sardar Bhadar Agro Traders,1649.0,2296
GRN00178,2024-02-20,Om Chudasama Bioenergy,1064.0,2301
GRN00179,2024-02-27,Dwarka Desai Agri Residue LLP,1723.0,2299
GRN00180,2024-03-12,Om Bhal Trading Company,2434.0,2459
GRN00181,2024-03-09,Maa Solanki Krishi Udyog,2443.0,2259
GRN00182,2024-02-11,Somnath Bhadar Biomass LLP,4041.0,2199
GRN00183,2024-02-27,Sardar Bhadar Agro Traders,3110.0,2247
GRN00184,2024-02-25,Jay Sabar Agri Residue LLP,1485.0,2237
GRN00185,2024-02-25,New Gohil Biomass LLP,2753.0,2291
GRN00186,2024-02-11,Sardar Sabar Agri Residue LLP,3957.0,2196
GRN00187,2024-02-26,Dwarka Desai Krishi Udyog,3999.0,2471
GRN00188,2024-02-12,Dwarka Gohil Pellet Works,2106.0,2285
GRN00189,2024-02-17,Jay Chudasama Agri Residue LLP,3144.0,2199
GRN00190,2024-03-14,Dwarka Ambaji Trading Company,3296.0,2457
GRN00191,2024-02-14,Jay Sabar Agri Residue LLP,4196.0,2187
GRN00192,2024-02-18,Maa Girnar Krishi Udyog,1764.0,2211
GRN00193,2024-03-28,Sardar Bhadar Agro Traders,4188.0,2265
GRN00194,2024-03-10,Dwarka Desai Krishi Udyog,2701.0,2459
GRN00195,2024-03-14,Dwarka Girnar Trading Company,1347.0,2320
GRN00196,2024-04-16,Maa Solanki Krishi Udyog,2150.0,2358
GRN00197,2024-03-22,New Patel Agri Residue LLP,3928.0,2294
GRN00198,2024-04-11,Om Bhal Trading Company,3764.0,2475
GRN00199,2024-03-14,Dwarka Gohil Pellet Works,1975.0,2356
GRN00200,2024-03-19,Somnath Bhadar Biomass LLP,2685.0,2348
GRN00201,2024-03-23,Jay Chudasama Agri Residue LLP,3354.0,2237
GRN00202,2024-04-22,Dwarka Ambaji Trading Company,1650.0,2452
GRN00203,2024-04-18,Somnath Sabar Biofuels,1993.0,2363
GRN00204,2024-04-10,Maa Solanki Krishi Udyog,3218.0,2253
GRN00205,2024-03-26,Dwarka Gohil Pellet Works,3659.0,2361
GRN00206,2024-03-10,Somnath Girnar Biofuels,3437.0,2432
GRN00207,2024-03-16,Jay Chudasama Agri Residue LLP,1578.0,2329
GRN00208,2024-03-19,Dwarka Girnar Trading Company,2242.0,2247
GRN00209,2024-03-22,Maa Girnar Krishi Udyog,988.0,2296
GRN00210,2024-05-14,Dwarka Ambaji Trading Company,2939.0,2646
GRN00211,2024-04-20,Om Chudasama Bioenergy,1397.0,2451
GRN00212,2024-04-25,Dwarka Gohil Pellet Works,2689.0,2422
GRN00213,2024-04-26,Sardar Sabar Agri Residue LLP,2307.0,2504
GRN00214,2024-04-28,Jay Sabar Agri Residue LLP,2192.0,2470
GRN00215,2024-04-24,Jay Bhal Agri Residue LLP,3911.0,2473
GRN00216,2024-05-13,Somnath Sabar Biofuels,3034.0,2506
GRN00217,2024-04-16,Dwarka Desai Krishi Udyog,3061.0,2680
GRN00218,2024-04-24,Jay Sabar Agri Residue LLP,2172.0,2462
GRN00219,2024-04-20,Jay Sabar Agri Residue LLP,1851.0,2476
GRN00220,2024-05-15,Dwarka Ambaji Trading Company,2595.0,2720
GRN00221,2024-04-26,Sardar Bhadar Agro Traders,1390.0,2513
GRN00222,2024-04-22,Dwarka Gohil Pellet Works,3739.0,2536
GRN00223,2024-04-25,Jay Sabar Biofuels,3502.0,2426
GRN00224,2024-04-13,Dwarka Desai Agri Residue LLP,2560.0,2479
GRN00225,2024-04-16,Dwarka Desai Agri Residue LLP,1143.0,2425
GRN00226,2024-05-07,Maa Kathiawad Biomass LLP,3994.0,2427
GRN00227,2024-04-28,Jay Chudasama Agri Residue LLP,3694.0,2485
GRN00228,2024-04-28,Jay Sabar Biofuels,614.0,2481
GRN00229,2024-05-01,Shree Ambaji Trading Company,2741.0,2619
GRN00230,2024-05-05,Shree Girnar Krishi Udyog,3060.0,2467
GRN00231,2024-05-23,New Patel Agri Residue LLP,3403.0,2498
GRN00232,2024-05-22,Dwarka Girnar Trading Company,2096.0,2587
GRN00233,2024-05-14,New Gohil Biomass LLP,3140.0,2567
GRN00234,2024-05-11,Jay Chudasama Agri Residue LLP,3902.0,2501
GRN00235,2024-05-18,Shree Saurashtra Biomass LLP,2539.0,2591
GRN00236,2024-05-25,Shree Girnar Krishi Udyog,1809.0,2597
GRN00237,2024-06-08,Dwarka Ambaji Trading Company,1812.0,2768
GRN00238,2024-05-27,Jay Bhal Agri Residue LLP,3926.0,2485
GRN00239,2024-05-17,Somnath Bhadar Biomass LLP,3837.0,2536
GRN00240,2024-06-21,Maa Kathiawad Biomass LLP,1872.0,2543
GRN00241,2024-05-13,Dwarka Girnar Trading Company,1403.0,2493
GRN00242,2024-05-22,Sardar Bhadar Agro Traders,3287.0,2561
GRN00243,2024-06-11,Maa Solanki Krishi Udyog,2998.0,2557
GRN00244,2024-05-13,New Patel Agri Residue LLP,3339.0,2555
GRN00245,2024-05-18,Jay Chudasama Agri Residue LLP,1612.0,2607
GRN00246,2024-05-19,Jay Chudasama Agri Residue LLP,2023.0,2507
GRN00247,2024-06-06,Shree Girnar Krishi Udyog,4199.0,2541
GRN00248,2024-07-04,Maa Solanki Krishi Udyog,1999.0,2557
GRN00249,2024-06-24,Dwarka Desai Krishi Udyog,3216.0,2775
GRN00250,2024-06-19,Somnath Bhadar Biomass LLP,3580.0,2631
GRN00251,2024-06-21,Dwarka Desai Agri Residue LLP,1218.0,2675
GRN00252,2024-06-11,New Gohil Biomass LLP,3673.0,2609
GRN00253,2024-06-13,Om Chudasama Bioenergy,1338.0,2588
GRN00254,2024-07-16,Maa Kathiawad Biomass LLP,3278.0,2567
GRN00255,2024-07-09,Maa Kathiawad Biomass LLP,2679.0,2556
GRN00256,2024-07-08,Om Bhal Trading Company,2443.0,2835
GRN00257,2024-06-26,Jay Sabar Agri Residue LLP,2146.0,2633
GRN00258,2024-06-13,Somnath Girnar Biofuels,1312.0,2862
GRN00259,2024-06-25,Dwarka Girnar Trading Company,3390.0,2648
GRN00260,2024-07-09,Shree Girnar Krishi Udyog,4071.0,2619
GRN00261,2024-07-08,Maa Solanki Krishi Udyog,3518.0,2638
GRN00262,2024-07-11,Somnath Sabar Biofuels,4018.0,2652
GRN00263,2024-06-10,Jay Sabar Agri Residue LLP,1587.0,2529
GRN00264,2024-07-04,Dwarka Ambaji Trading Company,1371.0,2837
GRN00265,2024-07-10,Somnath Girnar Biofuels,3625.0,2909
GRN00266,2024-07-22,Somnath Girnar Biofuels,3019.0,2828
GRN00267,2024-07-27,Jay Bhal Agri Residue LLP,1544.0,2580
GRN00268,2024-07-22,Dwarka Desai Agri Residue LLP,3904.0,2570
GRN00269,2024-07-21,Dwarka Desai Agri Residue LLP,3089.0,2619
GRN00270,2024-07-23,Om Chudasama Bioenergy,1159.0,2717
GRN00271,2024-08-05,Maa Kathiawad Biomass LLP,3618.0,2621
GRN00272,2024-07-24,Jay Sabar Biofuels,1857.0,2680
GRN00273,2024-07-11,Somnath Bhadar Biomass LLP,3456.0,2654
GRN00274,2024-07-19,Jay Chudasama Agri Residue LLP,3818.0,2569
GRN00275,2024-08-01,Dwarka Ambaji Trading Company,3491.0,2803
GRN00276,2024-07-14,Jay Sabar Agri Residue LLP,1530.0,2626
GRN00277,2024-07-25,Shree Saurashtra Biomass LLP,4092.0,2671
GRN00278,2024-07-25,Jay Bhal Agri Residue LLP,1563.0,2584
GRN00279,2024-08-25,Somnath Sabar Biofuels,1536.0,2645
GRN00280,2024-08-10,Om Bhal Trading Company,3501.0,2854
GRN00281,2024-08-20,Dwarka Gohil Pellet Works,1748.0,2524
GRN00282,2024-08-26,Dwarka Desai Krishi Udyog,3458.0,2742
GRN00283,2024-08-27,Somnath Girnar Biofuels,2555.0,2800
GRN00284,2024-09-09,Somnath Sabar Biofuels,1792.0,2579
GRN00285,2024-09-09,Somnath Sabar Biofuels,3151.0,2627
GRN00286,2024-08-20,Dwarka Desai Krishi Udyog,3799.0,2751
GRN00287,2024-08-14,Jay Chudasama Agri Residue LLP,4080.0,2539
GRN00288,2024-08-22,Om Chudasama Bioenergy,1334.0,2528
GRN00289,2024-09-01,Dwarka Ambaji Trading Company,1815.0,2851
GRN00290,2024-09-07,Om Bhal Trading Company,3729.0,2702
GRN00291,2024-08-14,New Gohil Biomass LLP,2019.0,2602
GRN00292,2024-08-15,Sardar Sabar Agri Residue LLP,2138.0,2536
GRN00293,2024-08-21,Somnath Girnar Biofuels,1987.0,2842
GRN00294,2024-09-03,Shree Ambaji Trading Company,1753.0,2861
GRN00295,2024-08-27,Somnath Bhadar Biomass LLP,1394.0,2631
GRN00296,2024-08-31,Maa Kathiawad Biomass LLP,1348.0,2635
GRN00297,2024-09-20,Maa Girnar Krishi Udyog,1774.0,2453
GRN00298,2024-09-18,Jay Sabar Agri Residue LLP,2190.0,2411
GRN00299,2024-09-29,Somnath Sabar Biofuels,3900.0,2402
GRN00300,2024-10-07,Om Bhal Trading Company,3677.0,2686
GRN00301,2024-09-20,Sardar Bhadar Agro Traders,1710.0,2440
GRN00302,2024-09-24,Jay Sabar Agri Residue LLP,2421.0,2491
GRN00303,2024-09-19,Jay Chudasama Agri Residue LLP,1855.0,2474
GRN00304,2024-09-28,Dwarka Girnar Trading Company,1562.0,2448
GRN00305,2024-10-13,Maa Kathiawad Biomass LLP,1283.0,2528
GRN00306,2024-09-23,Maa Girnar Krishi Udyog,2256.0,2519
GRN00307,2024-09-20,Sardar Sabar Agri Residue LLP,2393.0,2533
GRN00308,2024-10-12,Maa Solanki Krishi Udyog,2434.0,2471
GRN00309,2024-09-13,Om Chudasama Bioenergy,3292.0,2487
GRN00310,2024-10-19,Maa Solanki Krishi Udyog,2678.0,2470
GRN00311,2024-10-12,Somnath Sabar Biofuels,3209.0,2522
GRN00312,2024-09-13,Jay Chudasama Agri Residue LLP,2667.0,2501
GRN00313,2024-09-26,Jay Sabar Biofuels,2087.0,2427
GRN00314,2024-10-13,Maa Kathiawad Biomass LLP,3565.0,2507
GRN00315,2024-10-16,Sardar Sabar Agri Residue LLP,2937.0,2368
GRN00316,2024-10-31,Maa Kathiawad Biomass LLP,1251.0,2428
GRN00317,2024-10-17,Jay Chudasama Agri Residue LLP,1596.0,2395
GRN00318,2024-11-17,Shree Ambaji Trading Company,4020.0,2635
GRN00319,2024-10-19,New Gohil Biomass LLP,3061.0,2397
GRN00320,2024-10-21,Somnath Girnar Biofuels,3158.0,2539
GRN00321,2024-10-25,Dwarka Desai Krishi Udyog,1218.0,2642
GRN00322,2024-11-02,Somnath Sabar Biofuels,3811.0,2401
GRN00323,2024-10-10,Sardar Sabar Agri Residue LLP,2703.0,2390
GRN00324,2024-10-27,Dwarka Desai Agri Residue LLP,2889.0,2385
GRN00325,2024-11-01,Maa Kathiawad Biomass LLP,3918.0,2423
GRN00326,2024-11-02,Dwarka Ambaji Trading Company,2935.0,2583
GRN00327,2024-10-17,Jay Chudasama Agri Residue LLP,3106.0,2400
GRN00328,2024-11-16,Shree Girnar Krishi Udyog,3796.0,2376
GRN00329,2024-11-05,Om Bhal Trading Company,3028.0,2647
GRN00330,2024-11-01,Maa Solanki Krishi Udyog,4124.0,2363
GRN00331,2024-10-16,Dwarka Desai Krishi Udyog,1309.0,2582
GRN00332,2024-10-19,Somnath Girnar Biofuels,2526.0,2613
GRN00333,2024-11-17,Somnath Sabar Biofuels,4177.0,2380
GRN00334,2024-10-16,Dwarka Girnar Trading Company,2438.0,2454
GRN00335,2024-10-12,Maa Girnar Krishi Udyog,1528.0,2439
GRN00336,2024-10-12,Dwarka Desai Krishi Udyog,2169.0,2613
GRN00337,2024-12-03,Shree Ambaji Trading Company,2963.0,2479
GRN00338,2024-11-28,Dwarka Desai Agri Residue LLP,1005.0,2247
GRN00339,2024-11-18,Shree Saurashtra Biomass LLP,3508.0,2284
GRN00340,2024-12-15,Dwarka Ambaji Trading Company,4176.0,2516
GRN00341,2024-11-28,Jay Chudasama Agri Residue LLP,3426.0,2315
GRN00342,2024-11-26,Sardar Sabar Agri Residue LLP,3827.0,2242
GRN00343,2024-11-24,Dwarka Gohil Pellet Works,2084.0,2287
GRN00344,2024-11-20,Jay Chudasama Agri Residue LLP,3360.0,2274
GRN00345,2024-11-27,Jay Sabar Biofuels,1962.0,2268
GRN00346,2024-12-08,Somnath Sabar Biofuels,2473.0,2350
GRN00347,2024-11-19,Shree Saurashtra Biomass LLP,1681.0,2362
GRN00348,2024-11-20,Sardar Sabar Agri Residue LLP,2311.0,2297
GRN00349,2024-12-02,Maa Kathiawad Biomass LLP,2364.0,2346
GRN00350,2024-11-26,Somnath Girnar Biofuels,1467.0,2465
GRN00351,2024-11-24,Somnath Girnar Biofuels,1851.0,2439
GRN00352,2024-11-22,New Gohil Biomass LLP,3041.0,2337
GRN00353,2024-11-24,Dwarka Girnar Trading Company,1475.0,2321
GRN00354,2024-11-27,New Gohil Biomass LLP,3111.0,2270
GRN00355,2024-11-20,Jay Chudasama Agri Residue LLP,3464.0,2338
GRN00356,2025-01-06,Maa Solanki Krishi Udyog,2931.0,2287
GRN00357,2024-12-22,Sardar Bhadar Agro Traders,2001.0,2245
GRN00358,2025-01-17,Om Bhal Trading Company,3198.0,2386
GRN00359,2024-12-14,Dwarka Desai Krishi Udyog,2908.0,2440
GRN00360,2024-12-26,Dwarka Girnar Trading Company,2509.0,2199
GRN00361,2024-12-28,Dwarka Desai Krishi Udyog,2434.0,2456
GRN00362,2024-12-19,Dwarka Girnar Trading Company,1804.0,2257
GRN00363,2024-12-18,Jay Bhal Agri Residue LLP,3285.0,2274
GRN00364,2024-12-12,Jay Chudasama Agri Residue LLP,4181.0,2324
GRN00365,2025-01-04,Maa Solanki Krishi Udyog,3613.0,2310
GRN00366,2025-01-14,Maa Kathiawad Biomass LLP,1993.0,2198
GRN00367,2024-12-17,Somnath Bhadar Biomass LLP,1885.0,2225
GRN00368,2024-12-22,Jay Sabar Agri Residue LLP,3289.0,2260
GRN00369,2024-12-23,Sardar Bhadar Agro Traders,2946.0,2317
GRN00370,2025-01-06,Om Bhal Trading Company,4078.0,2505
GRN00371,2024-12-26,Dwarka Gohil Pellet Works,2195.0,2297
GRN00372,2024-12-31,Dwarka Ambaji Trading Company,3314.0,2512
GRN00373,2025-01-03,Shree Ambaji Trading Company,1697.0,2501
GRN00374,2024-12-28,Jay Sabar Agri Residue LLP,2197.0,2268
GRN00375,2024-12-29,Maa Solanki Krishi Udyog,2983.0,2247
GRN00376,2025-01-07,Shree Girnar Krishi Udyog,3745.0,2222
GRN00377,2025-01-18,Dwarka Girnar Trading Company,3101.0,2268
GRN00378,2025-02-15,Shree Girnar Krishi Udyog,1480.0,2261
GRN00379,2025-02-02,Maa Kathiawad Biomass LLP,3223.0,2320
GRN00380,2025-01-26,Maa Girnar Krishi Udyog,1728.0,2359
GRN00381,2025-01-20,Jay Sabar Agri Residue LLP,1593.0,2266
GRN00382,2025-01-17,Dwarka Desai Krishi Udyog,2867.0,2492
GRN00383,2025-01-23,Somnath Bhadar Biomass LLP,1585.0,2373
GRN00384,2025-02-18,Somnath Sabar Biofuels,4135.0,2368
GRN00385,2025-01-16,Somnath Girnar Biofuels,3789.0,2439
GRN00386,2025-01-13,New Gohil Biomass LLP,2065.0,2292
GRN00387,2025-01-14,Somnath Bhadar Biomass LLP,3801.0,2305
GRN00388,2025-01-28,Jay Chudasama Agri Residue LLP,2908.0,2252
GRN00389,2025-02-13,Shree Ambaji Trading Company,2036.0,2448
GRN00390,2025-01-14,Dwarka Desai Agri Residue LLP,1705.0,2270
GRN00391,2025-02-11,Somnath Sabar Biofuels,1747.0,2260
GRN00392,2025-01-13,Jay Sabar Biofuels,2809.0,2254
GRN00393,2025-01-28,Dwarka Desai Agri Residue LLP,2836.0,2269
GRN00394,2025-01-24,Dwarka Gohil Pellet Works,3877.0,2260
GRN00395,2025-01-19,Dwarka Girnar Trading Company,2789.0,2288
GRN00396,2025-01-24,Dwarka Desai Krishi Udyog,2285.0,2468
GRN00397,2025-02-11,Maa Solanki Krishi Udyog,2538.0,2347
GRN00398,2025-03-22,Shree Girnar Krishi Udyog,1417.0,2393
GRN00399,2025-03-19,Shree Girnar Krishi Udyog,3465.0,2384
GRN00400,2025-02-22,Somnath Girnar Biofuels,1985.0,2475
GRN00401,2025-03-05,Shree Ambaji Trading Company,2577.0,2530
GRN00402,2025-03-23,Maa Solanki Krishi Udyog,2401.0,2389
GRN00403,2025-02-24,Shree Saurashtra Biomass LLP,1933.0,2372
GRN00404,2025-03-14,Somnath Sabar Biofuels,3836.0,2300
GRN00405,2025-02-26,Dwarka Ambaji Trading Company,1945.0,2555
GRN00406,2025-03-24,Om Bhal Trading Company,1765.0,2569
GRN00407,2025-03-10,Shree Ambaji Trading Company,1530.0,2498
GRN00408,2025-02-24,New Patel Agri Residue LLP,1482.0,2330
GRN00409,2025-02-12,New Patel Agri Residue LLP,1236.0,2320
GRN00410,2025-03-16,Om Bhal Trading Company,2367.0,2580
GRN00411,2025-02-27,Jay Bhal Agri Residue LLP,2011.0,2409
GRN00412,2025-02-18,New Gohil Biomass LLP,3269.0,2390
GRN00413,2025-03-20,Om Bhal Trading Company,2449.0,2543
GRN00414,2025-02-10,Jay Chudasama Agri Residue LLP,1863.0,2297
GRN00415,2025-02-19,Sardar Sabar Agri Residue LLP,2372.0,2300
GRN00416,2025-02-13,Sardar Bhadar Agro Traders,1995.0,2318
GRN00417,2025-03-12,Jay Bhal Agri Residue LLP,2082.0,2461
GRN00418,2025-03-25,Jay Sabar Agri Residue LLP,3792.0,2484
GRN00419,2025-03-13,Sardar Sabar Agri Residue LLP,2049.0,2388
GRN00420,2025-03-17,Maa Girnar Krishi Udyog,3668.0,2498
GRN00421,2025-03-26,Jay Sabar Biofuels,1548.0,2468
GRN00422,2025-03-23,Dwarka Desai Agri Residue LLP,1442.0,2370
GRN00423,2025-03-12,New Patel Agri Residue LLP,1840.0,2498
GRN00424,2025-04-12,Shree Girnar Krishi Udyog,2375.0,2480
GRN00425,2025-04-05,Om Bhal Trading Company,4106.0,2578
GRN00426,2025-03-19,New Gohil Biomass LLP,3895.0,2447
GRN00427,2025-03-17,Shree Saurashtra Biomass LLP,4182.0,2402
GRN00428,2025-04-14,Dwarka Ambaji Trading Company,1356.0,2653
GRN00429,2025-03-17,Dwarka Desai Agri Residue LLP,1015.0,2423
GRN00430,2025-03-16,Dwarka Desai Agri Residue LLP,2871.0,2413
GRN00431,2025-03-10,Sardar Bhadar Agro Traders,1073.0,2462
GRN00432,2025-03-24,Jay Chudasama Agri Residue LLP,2848.0,2370
GRN00433,2025-04-28,Dwarka Desai Krishi Udyog,4033.0,2746
GRN00434,2025-05-08,Shree Girnar Krishi Udyog,3755.0,2650
GRN00435,2025-04-24,Dwarka Desai Agri Residue LLP,1631.0,2512
GRN00436,2025-04-10,New Patel Agri Residue LLP,2404.0,2636
GRN00437,2025-05-12,Om Bhal Trading Company,3047.0,2800
GRN00438,2025-04-25,Jay Bhal Agri Residue LLP,696.0,2627
GRN00439,2025-04-25,Sardar Bhadar Agro Traders,3882.0,2535
GRN00440,2025-04-19,Dwarka Gohil Pellet Works,2844.0,2638
GRN00441,2025-04-22,Somnath Girnar Biofuels,3225.0,2772
GRN00442,2025-04-12,Om Chudasama Bioenergy,1544.0,2529
GRN00443,2025-04-10,Jay Chudasama Agri Residue LLP,3335.0,2591
GRN00444,2025-05-20,Dwarka Ambaji Trading Company,3905.0,2819
GRN00445,2025-04-28,Om Chudasama Bioenergy,2727.0,2580
GRN00446,2025-04-26,Jay Bhal Agri Residue LLP,1168.0,2612
GRN00447,2025-05-12,Maa Solanki Krishi Udyog,2620.0,2572
GRN00448,2025-04-16,Dwarka Desai Krishi Udyog,3499.0,2768
GRN00449,2025-04-27,Jay Chudasama Agri Residue LLP,1599.0,2579
GRN00450,2025-04-11,Jay Bhal Agri Residue LLP,2208.0,2516
GRN00451,2025-04-10,Dwarka Girnar Trading Company,2574.0,2548
GRN00452,2025-04-11,Somnath Bhadar Biomass LLP,3204.0,2552
GRN00453,2025-04-25,New Patel Agri Residue LLP,4155.0,2632
GRN00454,2025-05-13,Om Chudasama Bioenergy,3585.0,2684
GRN00455,2025-05-20,Maa Girnar Krishi Udyog,1095.0,2701
GRN00456,2025-05-24,Jay Bhal Agri Residue LLP,974.0,2686
GRN00457,2025-05-21,Jay Chudasama Agri Residue LLP,3729.0,2588
GRN00458,2025-06-06,Dwarka Ambaji Trading Company,3456.0,2894
GRN00459,2025-06-07,Dwarka Ambaji Trading Company,2328.0,2918
GRN00460,2025-05-28,New Patel Agri Residue LLP,2676.0,2601
GRN00461,2025-05-18,Dwarka Girnar Trading Company,3797.0,2690
GRN00462,2025-05-26,Somnath Girnar Biofuels,3449.0,2825
GRN00463,2025-06-22,Shree Girnar Krishi Udyog,1739.0,2657
GRN00464,2025-05-23,New Patel Agri Residue LLP,2002.0,2720
GRN00465,2025-05-25,Dwarka Girnar Trading Company,2333.0,2647
GRN00466,2025-05-17,New Gohil Biomass LLP,3383.0,2704
GRN00467,2025-06-05,Maa Solanki Krishi Udyog,2439.0,2680
GRN00468,2025-05-22,Jay Bhal Agri Residue LLP,2113.0,2590
GRN00469,2025-05-24,Dwarka Desai Agri Residue LLP,1644.0,2575
GRN00470,2025-05-17,Somnath Bhadar Biomass LLP,2583.0,2719
GRN00471,2025-05-28,Jay Sabar Biofuels,2679.0,2677
GRN00472,2025-07-20,Maa Solanki Krishi Udyog,1772.0,2737
GRN00473,2025-07-05,Maa Solanki Krishi Udyog,3630.0,2711
GRN00474,2025-07-11,Somnath Sabar Biofuels,2777.0,2688
GRN00475,2025-06-20,Jay Chudasama Agri Residue LLP,1435.0,2642
GRN00476,2025-06-13,Somnath Bhadar Biomass LLP,3793.0,2689
GRN00477,2025-06-15,New Patel Agri Residue LLP,3540.0,2631
GRN00478,2025-06-24,Dwarka Desai Krishi Udyog,3454.0,2985
GRN00479,2025-06-17,Shree Saurashtra Biomass LLP,3663.0,2779
GRN00480,2025-06-28,Somnath Girnar Biofuels,3103.0,2926
GRN00481,2025-06-18,New Gohil Biomass LLP,1265.0,2751
GRN00482,2025-06-20,Somnath Bhadar Biomass LLP,1956.0,2700
GRN00483,2025-07-04,Somnath Sabar Biofuels,3768.0,2622
GRN00484,2025-06-27,Dwarka Desai Krishi Udyog,3715.0,2872
GRN00485,2025-06-19,Maa Girnar Krishi Udyog,1593.0,2699
GRN00486,2025-06-22,Shree Saurashtra Biomass LLP,2136.0,2682
GRN00487,2025-06-12,Shree Saurashtra Biomass LLP,2140.0,2694
GRN00488,2025-07-13,Om Chudasama Bioenergy,1299.0,2770
GRN00489,2025-07-12,Dwarka Gohil Pellet Works,3658.0,2765
GRN00490,2025-07-20,Dwarka Girnar Trading Company,1536.0,2677
GRN00491,2025-07-24,Om Chudasama Bioenergy,4164.0,2821
GRN00492,2025-07-10,Jay Bhal Agri Residue LLP,1260.0,2788
GRN00493,2025-07-25,Dwarka Girnar Trading Company,3850.0,2718
GRN00494,2025-07-26,Dwarka Girnar Trading Company,3843.0,2667
GRN00495,2025-07-24,New Patel Agri Residue LLP,3061.0,2813
GRN00496,2025-08-06,Shree Ambaji Trading Company,2192.0,3014
GRN00497,2025-08-16,Shree Girnar Krishi Udyog,2892.0,2744
GRN00498,2025-07-28,Somnath Bhadar Biomass LLP,3135.0,2730
GRN00499,2025-08-13,Om Bhal Trading Company,3590.0,3055
GRN00500,2025-07-23,Jay Chudasama Agri Residue LLP,3435.0,2807
GRN00501,2025-08-09,Shree Girnar Krishi Udyog,1907.0,2826
GRN00502,2025-07-16,Jay Sabar Agri Residue LLP,1803.0,2746
GRN00503,2025-07-20,Jay Chudasama Agri Residue LLP,3150.0,2791
GRN00504,2025-09-07,Dwarka Ambaji Trading Company,2675.0,2961
GRN00505,2025-08-26,Sardar Sabar Agri Residue LLP,1335.0,2686
GRN00506,2025-08-21,Dwarka Desai Krishi Udyog,3854.0,2807
GRN00507,2025-08-13,Sardar Bhadar Agro Traders,3928.0,2756
GRN00508,2025-08-19,Sardar Bhadar Agro Traders,1688.0,2674
GRN00509,2025-09-25,Somnath Sabar Biofuels,3518.0,2600
GRN00510,2025-08-14,New Gohil Biomass LLP,1985.0,2635
GRN00511,2025-08-26,Sardar Bhadar Agro Traders,3173.0,2606
GRN00512,2025-09-04,Shree Ambaji Trading Company,2176.0,2867
GRN00513,2025-08-10,Sardar Bhadar Agro Traders,3378.0,2730
GRN00514,2025-09-18,Maa Solanki Krishi Udyog,3003.0,2644
GRN00515,2025-08-12,Maa Girnar Krishi Udyog,1121.0,2681
GRN00516,2025-09-02,Dwarka Ambaji Trading Company,1870.0,2813
GRN00517,2025-08-21,Somnath Girnar Biofuels,1222.0,2827
GRN00518,2025-08-20,Jay Bhal Agri Residue LLP,1979.0,2746
GRN00519,2025-09-20,Sardar Sabar Agri Residue LLP,1622.0,2539
GRN00520,2025-10-09,Shree Girnar Krishi Udyog,3471.0,2606
GRN00521,2025-10-10,Maa Kathiawad Biomass LLP,1696.0,2642
GRN00522,2025-10-12,Somnath Sabar Biofuels,3715.0,2640
GRN00523,2025-09-22,Sardar Bhadar Agro Traders,3755.0,2499
GRN00524,2025-10-12,Maa Kathiawad Biomass LLP,2277.0,2501
GRN00525,2025-09-11,Jay Sabar Agri Residue LLP,3887.0,2503
GRN00526,2025-09-25,Somnath Girnar Biofuels,1472.0,2769
GRN00527,2025-09-18,Somnath Bhadar Biomass LLP,3007.0,2636
GRN00528,2025-09-23,Jay Bhal Agri Residue LLP,1308.0,2615
GRN00529,2025-09-24,Jay Sabar Biofuels,2590.0,2559
GRN00530,2025-09-19,New Gohil Biomass LLP,2149.0,2624
GRN00531,2025-09-25,Somnath Girnar Biofuels,3871.0,2727
GRN00532,2025-09-24,Somnath Girnar Biofuels,1825.0,2769
GRN00533,2025-09-15,Dwarka Desai Agri Residue LLP,2381.0,2633
GRN00534,2025-09-22,Dwarka Desai Krishi Udyog,4094.0,2702
GRN00535,2025-10-11,Shree Ambaji Trading Company,1312.0,2712
GRN00536,2025-09-15,Dwarka Gohil Pellet Works,2722.0,2589
GRN00537,2025-09-23,Jay Chudasama Agri Residue LLP,3810.0,2636
GRN00538,2025-09-11,Somnath Bhadar Biomass LLP,3415.0,2634
GRN00539,2025-09-24,Jay Bhal Agri Residue LLP,1884.0,2547
GRN00540,2025-09-25,Jay Chudasama Agri Residue LLP,3569.0,2629
GRN00541,2025-10-24,Jay Bhal Agri Residue LLP,3680.0,2492
GRN00542,2025-11-09,Om Bhal Trading Company,2008.0,2681
GRN00543,2025-10-11,Dwarka Girnar Trading Company,3663.0,2438
GRN00544,2025-10-26,New Gohil Biomass LLP,3451.0,2480
GRN00545,2025-11-07,Maa Solanki Krishi Udyog,3252.0,2481
GRN00546,2025-10-30,Om Bhal Trading Company,1320.0,2675
GRN00547,2025-10-11,Dwarka Gohil Pellet Works,3647.0,2430
GRN00548,2025-11-10,Shree Girnar Krishi Udyog,3255.0,2506
GRN00549,2025-11-07,Dwarka Ambaji Trading Company,2671.0,2678
GRN00550,2025-10-10,Dwarka Desai Agri Residue LLP,1144.0,2552
GRN00551,2025-10-18,Sardar Sabar Agri Residue LLP,3365.0,2486
GRN00552,2025-10-28,Maa Girnar Krishi Udyog,1848.0,2414
GRN00553,2025-10-24,New Patel Agri Residue LLP,3836.0,2470
GRN00554,2025-10-27,Dwarka Gohil Pellet Works,3967.0,2482
GRN00555,2025-10-25,Dwarka Desai Agri Residue LLP,2280.0,2476
GRN00556,2025-11-23,Shree Saurashtra Biomass LLP,1533.0,2340
GRN00557,2025-11-15,New Gohil Biomass LLP,4033.0,2450
GRN00558,2025-11-26,Dwarka Gohil Pellet Works,4063.0,2357
GRN00559,2025-11-25,Shree Saurashtra Biomass LLP,1499.0,2429
GRN00560,2025-11-26,Dwarka Gohil Pellet Works,2730.0,2357
GRN00561,2025-12-08,Om Bhal Trading Company,3271.0,2540
GRN00562,2025-11-13,Jay Sabar Agri Residue LLP,2034.0,2331
GRN00563,2025-11-28,Dwarka Girnar Trading Company,2296.0,2342
GRN00564,2025-11-11,Dwarka Girnar Trading Company,1701.0,2388
GRN00565,2025-11-25,Sardar Bhadar Agro Traders,3096.0,2405
GRN00566,2025-11-12,New Patel Agri Residue LLP,3264.0,2361
GRN00567,2025-11-22,Dwarka Girnar Trading Company,3190.0,2454
GRN00568,2025-11-29,Dwarka Ambaji Trading Company,3663.0,2617
GRN00569,2025-12-04,Maa Solanki Krishi Udyog,3948.0,2450
GRN00570,2025-12-24,Om Bhal Trading Company,1783.0,2557
GRN00571,2025-11-27,Dwarka Gohil Pellet Works,3844.0,2445
GRN00572,2025-12-07,Om Bhal Trading Company,4152.0,2585
GRN00573,2025-12-21,Maa Kathiawad Biomass LLP,1533.0,2465
GRN00574,2025-11-26,Jay Chudasama Agri Residue LLP,3679.0,2424
GRN00575,2025-12-24,Maa Girnar Krishi Udyog,1121.0,2379
GRN00576,2025-12-28,Sardar Sabar Agri Residue LLP,1814.0,2359
GRN00577,2025-12-12,Somnath Girnar Biofuels,4189.0,2591
GRN00578,2025-12-24,Jay Sabar Biofuels,1123.0,2405
GRN00579,2025-12-23,Dwarka Desai Agri Residue LLP,3442.0,2373
GRN00580,2025-12-10,Sardar Sabar Agri Residue LLP,2475.0,2287
GRN00581,2026-01-10,Somnath Sabar Biofuels,3477.0,2388
GRN00582,2025-12-21,New Patel Agri Residue LLP,3020.0,2411
GRN00583,2025-12-10,Somnath Bhadar Biomass LLP,2134.0,2316
GRN00584,2025-12-27,Jay Bhal Agri Residue LLP,3559.0,2398
GRN00585,2025-12-15,New Patel Agri Residue LLP,2266.0,2388
GRN00586,2025-12-10,Om Chudasama Bioenergy,1847.0,2364
GRN00587,2025-12-22,Dwarka Girnar Trading Company,1947.0,2416
GRN00588,2025-12-18,Om Chudasama Bioenergy,1667.0,2399
GRN00589,2025-12-13,Dwarka Desai Agri Residue LLP,1211.0,2283
GRN00590,2025-12-17,Maa Girnar Krishi Udyog,1481.0,2349
GRN00591,2026-01-04,Shree Girnar Krishi Udyog,2291.0,2344
GRN00592,2026-02-10,Shree Ambaji Trading Company,2604.0,2594
GRN00593,2026-01-11,Jay Chudasama Agri Residue LLP,2277.0,2372
GRN00594,2026-02-06,Om Bhal Trading Company,1811.0,2645
GRN00595,2026-01-13,Jay Sabar Biofuels,1684.0,2343
GRN00596,2026-01-16,Sardar Sabar Agri Residue LLP,3426.0,2441
GRN00597,2026-01-18,New Patel Agri Residue LLP,2688.0,2455
GRN00598,2026-01-25,Jay Chudasama Agri Residue LLP,1694.0,2449
GRN00599,2026-01-15,New Patel Agri Residue LLP,1518.0,2440
GRN00600,2026-01-20,Sardar Sabar Agri Residue LLP,1674.0,2444
GRN00601,2026-01-18,Jay Bhal Agri Residue LLP,3746.0,2449
GRN00602,2026-01-11,Somnath Bhadar Biomass LLP,3322.0,2450
GRN00603,2026-01-25,Om Chudasama Bioenergy,3799.0,2464
GRN00604,2026-01-14,Jay Sabar Agri Residue LLP,2273.0,2452
GRN00605,2026-01-13,Dwarka Desai Krishi Udyog,2513.0,2565
GRN00606,2026-01-10,Jay Bhal Agri Residue LLP,4052.0,2427
GRN00607,2026-01-17,Shree Saurashtra Biomass LLP,2219.0,2426
GRN00608,2026-01-24,New Patel Agri Residue LLP,2388.0,2342
GRN00609,2026-01-13,Dwarka Gohil Pellet Works,2748.0,2391
GRN00610,2026-02-12,Somnath Sabar Biofuels,3027.0,2462
GRN00611,2026-01-11,Dwarka Desai Agri Residue LLP,1346.0,2405
GRN00612,2026-01-28,Sardar Bhadar Agro Traders,3727.0,2350
GRN00613,2026-02-15,Dwarka Desai Krishi Udyog,1685.0,2589
GRN00614,2026-02-26,Dwarka Desai Agri Residue LLP,1785.0,2464
GRN00615,2026-03-01,Somnath Sabar Biofuels,3767.0,2427
GRN00616,2026-02-22,Dwarka Desai Agri Residue LLP,2401.0,2420
GRN00617,2026-03-01,Maa Kathiawad Biomass LLP,2328.0,2441
GRN00618,2026-02-23,Jay Chudasama Agri Residue LLP,3695.0,2473
GRN00619,2026-03-15,Om Bhal Trading Company,1701.0,2655
GRN00620,2026-02-21,New Gohil Biomass LLP,3205.0,2383
GRN00621,2026-02-26,Sardar Sabar Agri Residue LLP,1968.0,2457
GRN00622,2026-02-16,New Patel Agri Residue LLP,2575.0,2413
GRN00623,2026-02-25,Shree Saurashtra Biomass LLP,4012.0,2411
GRN00624,2026-02-12,Dwarka Girnar Trading Company,2182.0,2453
GRN00625,2026-02-14,Shree Saurashtra Biomass LLP,3287.0,2490
GRN00626,2026-02-27,Maa Kathiawad Biomass LLP,2121.0,2487
GRN00627,2026-02-28,Dwarka Gohil Pellet Works,1299.0,2387
GRN00628,2026-04-12,Shree Girnar Krishi Udyog,1520.0,2566
GRN00629,2026-03-10,Dwarka Desai Agri Residue LLP,2012.0,2530
GRN00630,2026-03-15,New Patel Agri Residue LLP,3328.0,2529
GRN00631,2026-03-30,Maa Solanki Krishi Udyog,3271.0,2463
GRN00632,2026-03-21,Dwarka Girnar Trading Company,2689.0,2537
GRN00633,2026-03-12,Dwarka Girnar Trading Company,1654.0,2490
GRN00634,2026-03-19,Sardar Sabar Agri Residue LLP,1982.0,2596
GRN00635,2026-04-07,Maa Solanki Krishi Udyog,1435.0,2531
GRN00636,2026-04-03,Dwarka Ambaji Trading Company,2705.0,2804
GRN00637,2026-04-13,Dwarka Ambaji Trading Company,3484.0,2738
GRN00638,2026-03-25,Dwarka Gohil Pellet Works,1826.0,2495
GRN00639,2026-04-11,Dwarka Ambaji Trading Company,2664.0,2780
GRN00640,2026-03-10,Sardar Sabar Agri Residue LLP,3091.0,2567
GRN00641,2026-04-18,Maa Kathiawad Biomass LLP,1741.0,2480
GRN00642,2026-04-04,Somnath Sabar Biofuels,2278.0,2487
GRN00643,2026-05-11,Somnath Sabar Biofuels,2724.0,2643
GRN00644,2026-04-24,Somnath Girnar Biofuels,3552.0,2850
GRN00645,2026-04-28,Somnath Girnar Biofuels,1323.0,2872
GRN00646,2026-05-11,Shree Ambaji Trading Company,3383.0,2965
GRN00647,2026-04-15,Om Chudasama Bioenergy,1959.0,2678
GRN00648,2026-05-11,Maa Kathiawad Biomass LLP,1936.0,2660
GRN00649,2026-04-17,Jay Sabar Agri Residue LLP,1304.0,2720
GRN00650,2026-04-26,Shree Saurashtra Biomass LLP,1289.0,2692
GRN00651,2026-04-13,New Gohil Biomass LLP,3656.0,2767
GRN00652,2026-05-24,Maa Kathiawad Biomass LLP,2870.0,2710
GRN00653,2026-04-23,Jay Sabar Agri Residue LLP,2520.0,2766
GRN00654,2026-04-13,Sardar Bhadar Agro Traders,1922.0,2706
GRN00655,2026-04-28,Somnath Sabar Biofuels,1829.0,2664
GRN00656,2026-05-02,Maa Kathiawad Biomass LLP,2981.0,2725
GRN00657,2026-05-13,Maa Solanki Krishi Udyog,3012.0,2725
GRN00658,2026-04-17,Jay Chudasama Agri Residue LLP,2837.0,2740
GRN00659,2026-04-27,Sardar Sabar Agri Residue LLP,2922.0,2729
GRN00660,2026-04-26,Jay Chudasama Agri Residue LLP,3747.0,2798
GRN00661,2026-06-17,Shree Ambaji Trading Company,3002.0,2966
GRN00662,2026-05-11,Maa Girnar Krishi Udyog,908.0,2803
GRN00663,2026-05-24,Dwarka Desai Krishi Udyog,3025.0,2965
GRN00664,2026-06-09,Somnath Sabar Biofuels,3169.0,2762
GRN00665,2026-06-14,Shree Girnar Krishi Udyog,3811.0,2733
GRN00666,2026-05-12,New Gohil Biomass LLP,2655.0,2698
GRN00667,2026-06-05,Maa Solanki Krishi Udyog,3265.0,2756
GRN00668,2026-05-11,Somnath Bhadar Biomass LLP,3357.0,2704
GRN00669,2026-05-13,Somnath Girnar Biofuels,4144.0,3042
GRN00670,2026-05-11,New Patel Agri Residue LLP,3823.0,2747
GRN00671,2026-05-27,Shree Saurashtra Biomass LLP,2150.0,2787
GRN00672,2026-06-18,Maa Solanki Krishi Udyog,4128.0,2757
GRN00673,2026-05-18,Somnath Bhadar Biomass LLP,2589.0,2739
GRN00674,2026-05-21,Somnath Girnar Biofuels,3640.0,2977
GRN00675,2026-06-11,Shree Girnar Krishi Udyog,2355.0,2740
GRN00676,2026-05-25,Sardar Sabar Agri Residue LLP,1831.0,2748
GRN00677,2026-05-12,Somnath Girnar Biofuels,2716.0,3050
GRN00678,2026-05-25,Jay Chudasama Agri Residue LLP,1438.0,2768
GRN00679,2026-06-09,Shree Ambaji Trading Company,4023.0,3083
GRN00680,2026-06-15,Om Chudasama Bioenergy,3380.0,2783
GRN00681,2026-06-28,Om Chudasama Bioenergy,2460.0,2798
GRN00682,2026-07-13,Shree Girnar Krishi Udyog,3128.0,2806
GRN00683,2026-07-17,Somnath Sabar Biofuels,2015.0,2912
GRN00684,2026-06-17,Shree Saurashtra Biomass LLP,2368.0,2830
GRN00685,2026-07-09,Shree Girnar Krishi Udyog,3735.0,2895
GRN00686,2026-06-24,Maa Girnar Krishi Udyog,892.0,2873
GRN00687,2026-07-05,Somnath Sabar Biofuels,1664.0,2873
GRN00688,2026-07-07,Shree Girnar Krishi Udyog,4045.0,2817
GRN00689,2026-07-14,Somnath Sabar Biofuels,4053.0,2771
GRN00690,2026-06-19,Jay Sabar Biofuels,1133.0,2906
GRN00691,2026-06-19,Jay Bhal Agri Residue LLP,2163.0,2925
GRN00692,2026-06-17,Sardar Sabar Agri Residue LLP,3361.0,2830
GRN00693,2026-06-28,Dwarka Girnar Trading Company,3461.0,2913
GRN00694,2026-06-14,Jay Bhal Agri Residue LLP,1779.0,2769
GRN00695,2026-06-21,Sardar Bhadar Agro Traders,1872.0,2818
GRN00696,2026-06-24,Dwarka Girnar Trading Company,1843.0,2895
GRN00697,2026-06-24,Jay Chudasama Agri Residue LLP,1537.0,2924
GRN00698,2026-06-10,Somnath Bhadar Biomass LLP,1438.0,2781
GRN00699,2026-07-22,Dwarka Gohil Pellet Works,3468.0,2967
GRN00700,2026-07-26,New Patel Agri Residue LLP,3066.0,2861
GRN00701,2026-07-18,Jay Sabar Agri Residue LLP,3344.0,2884
GRN00702,2026-07-23,Sardar Bhadar Agro Traders,2441.0,2862
GRN00703,2026-07-20,Jay Sabar Agri Residue LLP,3158.0,2933
GRN00704,2026-08-02,Maa Kathiawad Biomass LLP,3418.0,2904
GRN00705,2026-07-26,Dwarka Desai Agri Residue LLP,1851.0,2924
GRN00706,2026-07-27,Somnath Bhadar Biomass LLP,2164.0,2889
GRN00707,2026-07-20,Dwarka Desai Krishi Udyog,3514.0,3204
GRN00708,2026-07-20,Sardar Bhadar Agro Traders,2111.0,2971
GRN00709,2026-08-13,Shree Ambaji Trading Company,3816.0,3035
GRN00710,2026-08-19,Somnath Sabar Biofuels,2480.0,2892
GRN00711,2026-08-09,Somnath Sabar Biofuels,2711.0,2906
GRN00712,2026-07-10,Jay Bhal Agri Residue LLP,1486.0,2955
GRN00713,2026-07-28,Somnath Girnar Biofuels,2780.0,3067
GRN00714,2026-07-28,Jay Sabar Agri Residue LLP,4182.0,2845
GRN00715,2026-08-07,Om Bhal Trading Company,2097.0,3185
GRN00716,2026-08-18,Maa Solanki Krishi Udyog,3985.0,2976
GRN00717,2026-08-17,Shree Ambaji Trading Company,1834.0,3162
GRN00718,2026-07-31,Maa Kathiawad Biomass LLP,1736.0,2852
GRN00719,2026-07-16,Dwarka Gohil Pellet Works,3280.0,2819
GRN00720,2026-09-15,Maa Solanki Krishi Udyog,3409.0,2767
GRN00721,2026-08-11,Jay Sabar Agri Residue LLP,3788.0,2829
GRN00722,2026-08-12,Shree Saurashtra Biomass LLP,3295.0,2794
GRN00723,2026-08-21,Jay Bhal Agri Residue LLP,3039.0,2779
GRN00724,2026-08-20,Shree Saurashtra Biomass LLP,1256.0,2859
GRN00725,2026-08-11,Jay Bhal Agri Residue LLP,4070.0,2785
GRN00726,2026-09-11,Shree Girnar Krishi Udyog,4143.0,2800
GRN00727,2026-08-21,Jay Bhal Agri Residue LLP,1014.0,2837
GRN00728,2026-08-11,Dwarka Gohil Pellet Works,1791.0,2787
GRN00729,2026-09-02,Somnath Sabar Biofuels,3755.0,2823
GRN00730,2026-09-18,Somnath Sabar Biofuels,1792.0,2751
GRN00731,2026-09-19,Somnath Sabar Biofuels,4071.0,2813
GRN00732,2026-08-17,Dwarka Gohil Pellet Works,3081.0,2821
GRN00733,2026-08-19,Jay Chudasama Agri Residue LLP,2871.0,2811
GRN00734,2026-08-23,New Gohil Biomass LLP,3517.0,2877
GRN00735,2026-08-17,Somnath Girnar Biofuels,2325.0,3013
GRN00736,2026-08-25,Dwarka Desai Krishi Udyog,3340.0,3092
GRN00737,2026-09-17,Maa Kathiawad Biomass LLP,2961.0,2751
GRN00738,2026-08-25,Shree Saurashtra Biomass LLP,2138.0,2885
GRN00739,2026-08-15,Maa Girnar Krishi Udyog,1349.0,2739
GRN00740,2024-05-20,Om Sabar Bioenergy,2339.0,2516
GRN00741,2025-11-20,Om Sabar Bioenergy,1906.0,2449
