guid,voucher_guid,stock_item_name,qty_qtl,rate
BV00001-1,BV00001,Cotton Stalk,2990.0,2369
BV00002-1,BV00002,Cotton Stalk,3078.0,2375
BV00003-1,BV00003,Cotton Stalk,2500.0,2297
BV00004-1,BV00004,Cotton Stalk,2837.0,2330
BV00005-1,BV00005,Cotton Stalk,3050.0,2392
BV00006-1,BV00006,Cotton Stalk,2505.0,2388
BV00007-1,BV00007,Cotton Stalk,2712.0,2355
BV00008-1,BV00008,Cotton Stalk,2625.0,2292
BV00009-1,BV00009,Cotton Stalk,2724.0,2405
BV00010-1,BV00010,Cotton Stalk,2646.0,2311
BV00011-1,BV00011,Cotton Stalk,2706.0,2380
BV00012-1,BV00012,Cotton Stalk,2278.0,2327
BV00013-1,BV00013,Groundnut Shell,3316.0,2490
BV00014-1,BV00014,Groundnut Shell,3156.0,2542
BV00015-1,BV00015,Groundnut Shell,3488.0,2618
BV00016-1,BV00016,Groundnut Shell,2737.0,2514
BV00017-1,BV00017,Cotton Stalk,3124.0,2468
BV00018-1,BV00018,Cotton Stalk,3261.0,2418
BV00019-1,BV00019,Cotton Stalk,3058.0,2475
BV00020-1,BV00020,Cotton Stalk,2637.0,2370
BV00021-1,BV00021,Cotton Stalk,2782.0,2355
BV00022-1,BV00022,Cotton Stalk,3138.0,2339
BV00023-1,BV00023,Cotton Stalk,3259.0,2391
BV00024-1,BV00024,Cotton Stalk,3119.0,2436
BV00025-1,BV00025,Cotton Stalk,2956.0,2468
BV00026-1,BV00026,Cotton Stalk,2719.0,2373
BV00027-1,BV00027,Cotton Stalk,2706.0,2411
BV00028-1,BV00028,Cotton Stalk,3676.0,2419
BV00029-1,BV00029,Cotton Stalk,3440.0,2389
BV00030-1,BV00030,Cotton Stalk,2749.0,2374
BV00031-1,BV00031,Cotton Stalk,2702.0,2386
BV00032-1,BV00032,Cotton Stalk,3643.0,2350
BV00033-1,BV00033,Groundnut Shell,3187.0,2579
BV00034-1,BV00034,Groundnut Shell,3137.0,2664
BV00035-1,BV00035,Groundnut Shell,2825.0,2544
BV00036-1,BV00036,Groundnut Shell,3153.0,2639
BV00037-1,BV00037,Groundnut Shell,3424.0,2526
BV00038-1,BV00038,Groundnut Shell,3317.0,2644
BV00039-1,BV00039,Cotton Stalk,3352.0,2453
BV00040-1,BV00040,Cotton Stalk,3636.0,2484
BV00041-1,BV00041,Cotton Stalk,3600.0,2487
BV00042-1,BV00042,Cotton Stalk,3611.0,2401
BV00043-1,BV00043,Cotton Stalk,3035.0,2397
BV00044-1,BV00044,Cotton Stalk,3416.0,2508
BV00045-1,BV00045,Cotton Stalk,3443.0,2401
BV00046-1,BV00046,Cotton Stalk,3943.0,2532
BV00047-1,BV00047,Cotton Stalk,3642.0,2402
BV00048-1,BV00048,Cotton Stalk,3572.0,2483
BV00049-1,BV00049,Cotton Stalk,3826.0,2400
BV00050-1,BV00050,Cotton Stalk,3056.0,2403
BV00051-1,BV00051,Cotton Stalk,3463.0,2484
BV00052-1,BV00052,Cotton Stalk,2736.0,2486
BV00053-1,BV00053,Cotton Stalk,3676.0,2403
BV00054-1,BV00054,Groundnut Shell,2332.0,2625
BV00055-1,BV00055,Groundnut Shell,2461.0,2708
BV00056-1,BV00056,Groundnut Shell,2252.0,2686
BV00057-1,BV00057,Groundnut Shell,2510.0,2678
BV00058-1,BV00058,Groundnut Shell,2136.0,2714
BV00059-1,BV00059,Groundnut Shell,2115.0,2627
BV00060-1,BV00060,Groundnut Shell,2172.0,2595
BV00061-1,BV00061,Groundnut Shell,2168.0,2645
BV00062-1,BV00062,Groundnut Shell,2079.0,2649
BV00063-1,BV00063,Cotton Stalk,2771.0,2474
BV00064-1,BV00064,Cotton Stalk,2708.0,2478
BV00065-1,BV00065,Cotton Stalk,2734.0,2444
BV00066-1,BV00066,Cotton Stalk,2307.0,2564
BV00067-1,BV00067,Cotton Stalk,2769.0,2535
BV00068-1,BV00068,Cotton Stalk,2902.0,2500
BV00069-1,BV00069,Cotton Stalk,2606.0,2471
BV00070-1,BV00070,Cotton Stalk,2606.0,2547
BV00071-1,BV00071,Cotton Stalk,2912.0,2473
BV00072-1,BV00072,Cotton Stalk,2799.0,2437
BV00073-1,BV00073,Cotton Stalk,2539.0,2530
BV00074-1,BV00074,Cotton Stalk,2741.0,2430
BV00075-1,BV00075,Cotton Stalk,2322.0,2478
BV00076-1,BV00076,Cotton Stalk,2411.0,2523
BV00077-1,BV00077,Cotton Stalk,2635.0,2521
BV00078-1,BV00078,Cotton Stalk,2196.0,2512
BV00079-1,BV00079,Cotton Stalk,2768.0,2431
BV00080-1,BV00080,Cotton Stalk,2592.0,2448
BV00081-1,BV00081,Groundnut Shell,2266.0,2771
BV00082-1,BV00082,Groundnut Shell,1880.0,2663
BV00083-1,BV00083,Groundnut Shell,1951.0,2671
BV00084-1,BV00084,Groundnut Shell,1850.0,2775
BV00085-1,BV00085,Groundnut Shell,2146.0,2746
BV00086-1,BV00086,Groundnut Shell,1850.0,2692
BV00087-1,BV00087,Groundnut Shell,2238.0,2673
BV00088-1,BV00088,Groundnut Shell,2053.0,2727
BV00089-1,BV00089,Groundnut Shell,2167.0,2737
BV00090-1,BV00090,Pellets,3062.0,7521
BV00091-1,BV00091,Pellets,3063.0,7467
BV00092-1,BV00092,Cotton Stalk,3593.0,2378
BV00093-1,BV00093,Cotton Stalk,3479.0,2433
BV00094-1,BV00094,Cotton Stalk,3817.0,2471
BV00095-1,BV00095,Cotton Stalk,3693.0,2387
BV00096-1,BV00096,Cotton Stalk,3581.0,2487
BV00097-1,BV00097,Cotton Stalk,3219.0,2438
BV00098-1,BV00098,Cotton Stalk,3541.0,2425
BV00099-1,BV00099,Cotton Stalk,3111.0,2489
BV00100-1,BV00100,Cotton Stalk,3638.0,2512
BV00101-1,BV00101,Cotton Stalk,3893.0,2389
BV00102-1,BV00102,Cotton Stalk,3734.0,2416
BV00103-1,BV00103,Cotton Stalk,2879.0,2410
BV00104-1,BV00104,Cotton Stalk,3687.0,2445
BV00105-1,BV00105,Cotton Stalk,2879.0,2383
BV00106-1,BV00106,Groundnut Shell,2755.0,2606
BV00107-1,BV00107,Groundnut Shell,2861.0,2573
BV00108-1,BV00108,Groundnut Shell,2891.0,2633
BV00109-1,BV00109,Groundnut Shell,2592.0,2590
BV00110-1,BV00110,Groundnut Shell,2904.0,2647
BV00111-1,BV00111,Groundnut Shell,2777.0,2607
BV00112-1,BV00112,Groundnut Shell,2176.0,2701
BV00113-1,BV00113,Pellets,3153.0,7487
BV00114-1,BV00114,Pellets,3153.0,7442
BV00115-1,BV00115,Cotton Stalk,2843.0,2412
BV00116-1,BV00116,Cotton Stalk,3302.0,2348
BV00117-1,BV00117,Cotton Stalk,3114.0,2373
BV00118-1,BV00118,Cotton Stalk,2924.0,2363
BV00119-1,BV00119,Cotton Stalk,3510.0,2368
BV00120-1,BV00120,Cotton Stalk,3418.0,2371
BV00121-1,BV00121,Cotton Stalk,3126.0,2309
BV00122-1,BV00122,Cotton Stalk,3326.0,2404
BV00123-1,BV00123,Cotton Stalk,3941.0,2324
BV00124-1,BV00124,Cotton Stalk,3493.0,2369
BV00125-1,BV00125,Cotton Stalk,3303.0,2341
BV00126-1,BV00126,Cotton Stalk,3192.0,2409
BV00127-1,BV00127,Cotton Stalk,3532.0,2389
BV00128-1,BV00128,Cotton Stalk,3320.0,2322
BV00129-1,BV00129,Cotton Stalk,3287.0,2306
BV00130-1,BV00130,Groundnut Shell,2694.0,2595
BV00131-1,BV00131,Groundnut Shell,2535.0,2601
BV00132-1,BV00132,Groundnut Shell,2795.0,2526
BV00133-1,BV00133,Groundnut Shell,2535.0,2567
BV00134-1,BV00134,Groundnut Shell,2946.0,2500
BV00135-1,BV00135,Groundnut Shell,2609.0,2592
BV00136-1,BV00136,Groundnut Shell,3187.0,2550
BV00137-1,BV00137,Pellets,2818.0,7489
BV00138-1,BV00138,Pellets,2817.0,7305
BV00139-1,BV00139,Cotton Stalk,2491.0,2264
BV00140-1,BV00140,Cotton Stalk,2939.0,2234
BV00141-1,BV00141,Cotton Stalk,2878.0,2265
BV00142-1,BV00142,Cotton Stalk,2476.0,2324
BV00143-1,BV00143,Cotton Stalk,2628.0,2289
BV00144-1,BV00144,Cotton Stalk,2641.0,2245
BV00145-1,BV00145,Cotton Stalk,2378.0,2281
BV00146-1,BV00146,Cotton Stalk,2579.0,2224
BV00147-1,BV00147,Cotton Stalk,2368.0,2226
BV00148-1,BV00148,Cotton Stalk,2931.0,2235
BV00149-1,BV00149,Cotton Stalk,2816.0,2325
BV00150-1,BV00150,Cotton Stalk,2709.0,2296
BV00151-1,BV00151,Cotton Stalk,2992.0,2204
BV00152-1,BV00152,Cotton Stalk,2400.0,2237
BV00153-1,BV00153,Cotton Stalk,2935.0,2262
BV00154-1,BV00154,Cotton Stalk,2529.0,2227
BV00155-1,BV00155,Cotton Stalk,2995.0,2262
BV00156-1,BV00156,Cotton Stalk,2754.0,2265
BV00157-1,BV00157,Cotton Stalk,2627.0,2227
BV00158-1,BV00158,Cotton Stalk,2228.0,2247
BV00159-1,BV00159,Cotton Stalk,2633.0,2259
BV00160-1,BV00160,Groundnut Shell,4060.0,2453
BV00161-1,BV00161,Groundnut Shell,3967.0,2421
BV00162-1,BV00162,Groundnut Shell,3630.0,2471
BV00163-1,BV00163,Groundnut Shell,3689.0,2431
BV00164-1,BV00164,Groundnut Shell,3660.0,2368
BV00165-1,BV00165,Groundnut Shell,2744.0,2509
BV00166-1,BV00166,Cotton Stalk,3395.0,2121
BV00167-1,BV00167,Cotton Stalk,3019.0,2179
BV00168-1,BV00168,Cotton Stalk,3313.0,2185
BV00169-1,BV00169,Cotton Stalk,2908.0,2127
BV00170-1,BV00170,Cotton Stalk,3543.0,2171
BV00171-1,BV00171,Cotton Stalk,3175.0,2217
BV00172-1,BV00172,Cotton Stalk,3653.0,2190
BV00173-1,BV00173,Cotton Stalk,3619.0,2247
BV00174-1,BV00174,Cotton Stalk,3100.0,2239
BV00175-1,BV00175,Cotton Stalk,3058.0,2154
BV00176-1,BV00176,Cotton Stalk,3459.0,2131
BV00177-1,BV00177,Cotton Stalk,3597.0,2238
BV00178-1,BV00178,Cotton Stalk,3060.0,2190
BV00179-1,BV00179,Cotton Stalk,2890.0,2180
BV00180-1,BV00180,Cotton Stalk,3197.0,2191
BV00181-1,BV00181,Cotton Stalk,3180.0,2204
BV00182-1,BV00182,Cotton Stalk,2860.0,2123
BV00183-1,BV00183,Groundnut Shell,2395.0,2307
BV00184-1,BV00184,Groundnut Shell,3065.0,2378
BV00185-1,BV00185,Groundnut Shell,2782.0,2369
BV00186-1,BV00186,Groundnut Shell,3021.0,2389
BV00187-1,BV00187,Groundnut Shell,2618.0,2356
BV00188-1,BV00188,Groundnut Shell,2395.0,2359
BV00189-1,BV00189,Groundnut Shell,2231.0,2361
BV00190-1,BV00190,Groundnut Shell,2892.0,2293
BV00191-1,BV00191,Cotton Stalk,3102.0,2088
BV00192-1,BV00192,Cotton Stalk,3009.0,2085
BV00193-1,BV00193,Cotton Stalk,3243.0,2196
BV00194-1,BV00194,Cotton Stalk,3472.0,2094
BV00195-1,BV00195,Cotton Stalk,2989.0,2118
BV00196-1,BV00196,Cotton Stalk,3231.0,2086
BV00197-1,BV00197,Cotton Stalk,3032.0,2166
BV00198-1,BV00198,Cotton Stalk,2879.0,2117
BV00199-1,BV00199,Cotton Stalk,2929.0,2096
BV00200-1,BV00200,Cotton Stalk,3219.0,2117
BV00201-1,BV00201,Cotton Stalk,3221.0,2162
BV00202-1,BV00202,Cotton Stalk,2764.0,2149
BV00203-1,BV00203,Cotton Stalk,3285.0,2156
BV00204-1,BV00204,Cotton Stalk,2829.0,2190
BV00205-1,BV00205,Cotton Stalk,3294.0,2141
BV00206-1,BV00206,Cotton Stalk,2691.0,2103
BV00207-1,BV00207,Cotton Stalk,3032.0,2102
BV00208-1,BV00208,Cotton Stalk,3084.0,2186
BV00209-1,BV00209,Groundnut Shell,3022.0,2255
BV00210-1,BV00210,Groundnut Shell,2361.0,2301
BV00211-1,BV00211,Groundnut Shell,2850.0,2264
BV00212-1,BV00212,Groundnut Shell,2783.0,2377
BV00213-1,BV00213,Groundnut Shell,2465.0,2300
BV00214-1,BV00214,Groundnut Shell,2738.0,2313
BV00215-1,BV00215,Groundnut Shell,2709.0,2349
BV00216-1,BV00216,Groundnut Shell,2580.0,2369
BV00217-1,BV00217,Cotton Stalk,3817.0,2155
BV00218-1,BV00218,Cotton Stalk,3845.0,2173
BV00219-1,BV00219,Cotton Stalk,3609.0,2144
BV00220-1,BV00220,Cotton Stalk,3879.0,2119
BV00221-1,BV00221,Cotton Stalk,4048.0,2227
BV00222-1,BV00222,Cotton Stalk,3747.0,2172
BV00223-1,BV00223,Cotton Stalk,3053.0,2132
BV00224-1,BV00224,Cotton Stalk,3494.0,2224
BV00225-1,BV00225,Cotton Stalk,3036.0,2120
BV00226-1,BV00226,Cotton Stalk,3483.0,2167
BV00227-1,BV00227,Cotton Stalk,3390.0,2167
BV00228-1,BV00228,Cotton Stalk,3319.0,2196
BV00229-1,BV00229,Cotton Stalk,4226.0,2151
BV00230-1,BV00230,Cotton Stalk,3870.0,2233
BV00231-1,BV00231,Cotton Stalk,3478.0,2201
BV00232-1,BV00232,Groundnut Shell,2772.0,2325
BV00233-1,BV00233,Groundnut Shell,3002.0,2416
BV00234-1,BV00234,Groundnut Shell,2446.0,2318
BV00235-1,BV00235,Groundnut Shell,2215.0,2337
BV00236-1,BV00236,Groundnut Shell,2764.0,2380
BV00237-1,BV00237,Groundnut Shell,2853.0,2315
BV00238-1,BV00238,Groundnut Shell,2571.0,2334
BV00239-1,BV00239,Groundnut Shell,2492.0,2389
BV00240-1,BV00240,Cotton Stalk,2470.0,2173
BV00241-1,BV00241,Cotton Stalk,2675.0,2185
BV00242-1,BV00242,Cotton Stalk,2763.0,2186
BV00243-1,BV00243,Cotton Stalk,2255.0,2295
BV00244-1,BV00244,Cotton Stalk,2908.0,2195
BV00245-1,BV00245,Cotton Stalk,2286.0,2196
BV00246-1,BV00246,Cotton Stalk,2678.0,2265
BV00247-1,BV00247,Cotton Stalk,2503.0,2266
BV00248-1,BV00248,Cotton Stalk,2272.0,2175
BV00249-1,BV00249,Cotton Stalk,2910.0,2235
BV00250-1,BV00250,Cotton Stalk,2457.0,2212
BV00251-1,BV00251,Cotton Stalk,2635.0,2170
BV00252-1,BV00252,Cotton Stalk,2526.0,2272
BV00253-1,BV00253,Cotton Stalk,2955.0,2299
BV00254-1,BV00254,Cotton Stalk,2590.0,2206
BV00255-1,BV00255,Cotton Stalk,2841.0,2279
BV00256-1,BV00256,Cotton Stalk,2488.0,2293
BV00257-1,BV00257,Cotton Stalk,2550.0,2179
BV00258-1,BV00258,Cotton Stalk,2723.0,2291
BV00259-1,BV00259,Cotton Stalk,2682.0,2213
BV00260-1,BV00260,Cotton Stalk,2174.0,2215
BV00261-1,BV00261,Groundnut Shell,2288.0,2351
BV00262-1,BV00262,Groundnut Shell,2929.0,2483
BV00263-1,BV00263,Groundnut Shell,2288.0,2440
BV00264-1,BV00264,Groundnut Shell,2741.0,2484
BV00265-1,BV00265,Groundnut Shell,2369.0,2363
BV00266-1,BV00266,Groundnut Shell,2843.0,2401
BV00267-1,BV00267,Groundnut Shell,2953.0,2437
BV00268-1,BV00268,Groundnut Shell,2722.0,2455
BV00269-1,BV00269,Cotton Stalk,3381.0,2367
BV00270-1,BV00270,Cotton Stalk,4106.0,2274
BV00271-1,BV00271,Cotton Stalk,3411.0,2259
BV00272-1,BV00272,Cotton Stalk,3506.0,2282
BV00273-1,BV00273,Cotton Stalk,3981.0,2267
BV00274-1,BV00274,Cotton Stalk,3541.0,2237
BV00275-1,BV00275,Cotton Stalk,3609.0,2237
BV00276-1,BV00276,Cotton Stalk,3522.0,2350
BV00277-1,BV00277,Cotton Stalk,4240.0,2284
BV00278-1,BV00278,Cotton Stalk,3118.0,2368
BV00279-1,BV00279,Cotton Stalk,3221.0,2337
BV00280-1,BV00280,Cotton Stalk,4183.0,2259
BV00281-1,BV00281,Cotton Stalk,4097.0,2319
BV00282-1,BV00282,Cotton Stalk,3840.0,2336
BV00283-1,BV00283,Cotton Stalk,3524.0,2334
BV00284-1,BV00284,Groundnut Shell,3080.0,2525
BV00285-1,BV00285,Groundnut Shell,3255.0,2544
BV00286-1,BV00286,Groundnut Shell,3124.0,2495
BV00287-1,BV00287,Groundnut Shell,2750.0,2553
BV00288-1,BV00288,Groundnut Shell,2903.0,2446
BV00289-1,BV00289,Groundnut Shell,3458.0,2558
BV00290-1,BV00290,Groundnut Shell,2928.0,2439
BV00291-1,BV00291,Cotton Stalk,2647.0,2464
BV00292-1,BV00292,Cotton Stalk,2687.0,2421
BV00293-1,BV00293,Cotton Stalk,2490.0,2506
BV00294-1,BV00294,Cotton Stalk,2724.0,2482
BV00295-1,BV00295,Cotton Stalk,2241.0,2534
BV00296-1,BV00296,Cotton Stalk,2815.0,2433
BV00297-1,BV00297,Cotton Stalk,2728.0,2473
BV00298-1,BV00298,Cotton Stalk,2147.0,2509
BV00299-1,BV00299,Cotton Stalk,2532.0,2504
BV00300-1,BV00300,Cotton Stalk,2339.0,2475
BV00301-1,BV00301,Cotton Stalk,2575.0,2506
BV00302-1,BV00302,Cotton Stalk,2129.0,2554
BV00303-1,BV00303,Cotton Stalk,2436.0,2473
BV00304-1,BV00304,Cotton Stalk,2364.0,2468
BV00305-1,BV00305,Cotton Stalk,2588.0,2481
BV00306-1,BV00306,Cotton Stalk,2840.0,2475
BV00307-1,BV00307,Cotton Stalk,2267.0,2468
BV00308-1,BV00308,Cotton Stalk,2139.0,2446
BV00309-1,BV00309,Cotton Stalk,2234.0,2469
BV00310-1,BV00310,Cotton Stalk,2940.0,2465
BV00311-1,BV00311,Groundnut Shell,3917.0,2765
BV00312-1,BV00312,Groundnut Shell,3399.0,2651
BV00313-1,BV00313,Groundnut Shell,3903.0,2695
BV00314-1,BV00314,Groundnut Shell,3877.0,2707
BV00315-1,BV00315,Groundnut Shell,4295.0,2630
BV00316-1,BV00316,Cotton Stalk,2071.0,2607
BV00317-1,BV00317,Cotton Stalk,2464.0,2497
BV00318-1,BV00318,Cotton Stalk,2051.0,2515
BV00319-1,BV00319,Cotton Stalk,2393.0,2507
BV00320-1,BV00320,Cotton Stalk,2675.0,2534
BV00321-1,BV00321,Cotton Stalk,2599.0,2511
BV00322-1,BV00322,Cotton Stalk,2234.0,2491
BV00323-1,BV00323,Cotton Stalk,2061.0,2521
BV00324-1,BV00324,Cotton Stalk,2097.0,2598
BV00325-1,BV00325,Cotton Stalk,2508.0,2489
BV00326-1,BV00326,Cotton Stalk,2465.0,2531
BV00327-1,BV00327,Cotton Stalk,2495.0,2569
BV00328-1,BV00328,Cotton Stalk,1988.0,2564
BV00329-1,BV00329,Cotton Stalk,2206.0,2520
BV00330-1,BV00330,Cotton Stalk,2620.0,2579
BV00331-1,BV00331,Cotton Stalk,2197.0,2614
BV00332-1,BV00332,Cotton Stalk,2582.0,2536
BV00333-1,BV00333,Cotton Stalk,2315.0,2522
BV00334-1,BV00334,Cotton Stalk,2077.0,2550
BV00335-1,BV00335,Cotton Stalk,2542.0,2549
BV00336-1,BV00336,Cotton Stalk,2450.0,2608
BV00337-1,BV00337,Groundnut Shell,2395.0,2789
BV00338-1,BV00338,Groundnut Shell,2198.0,2742
BV00339-1,BV00339,Groundnut Shell,2586.0,2774
BV00340-1,BV00340,Groundnut Shell,2721.0,2710
BV00341-1,BV00341,Groundnut Shell,2012.0,2713
BV00342-1,BV00342,Groundnut Shell,2322.0,2729
BV00343-1,BV00343,Groundnut Shell,2463.0,2712
BV00344-1,BV00344,Groundnut Shell,2394.0,2737
BV00345-1,BV00345,Cotton Stalk,2067.0,2603
BV00346-1,BV00346,Cotton Stalk,1747.0,2586
BV00347-1,BV00347,Cotton Stalk,2033.0,2646
BV00348-1,BV00348,Cotton Stalk,2269.0,2561
BV00349-1,BV00349,Cotton Stalk,2048.0,2575
BV00350-1,BV00350,Cotton Stalk,2228.0,2604
BV00351-1,BV00351,Cotton Stalk,1865.0,2552
BV00352-1,BV00352,Cotton Stalk,1994.0,2658
BV00353-1,BV00353,Cotton Stalk,1700.0,2556
BV00354-1,BV00354,Cotton Stalk,1758.0,2530
BV00355-1,BV00355,Cotton Stalk,2297.0,2647
BV00356-1,BV00356,Cotton Stalk,2145.0,2576
BV00357-1,BV00357,Cotton Stalk,1830.0,2643
BV00358-1,BV00358,Cotton Stalk,2075.0,2558
BV00359-1,BV00359,Cotton Stalk,2025.0,2535
BV00360-1,BV00360,Cotton Stalk,2010.0,2622
BV00361-1,BV00361,Cotton Stalk,1731.0,2553
BV00362-1,BV00362,Cotton Stalk,1899.0,2524
BV00363-1,BV00363,Cotton Stalk,2271.0,2525
BV00364-1,BV00364,Cotton Stalk,1701.0,2545
BV00365-1,BV00365,Cotton Stalk,2156.0,2522
BV00366-1,BV00366,Cotton Stalk,1753.0,2559
BV00367-1,BV00367,Cotton Stalk,2423.0,2558
BV00368-1,BV00368,Cotton Stalk,1961.0,2663
BV00369-1,BV00369,Groundnut Shell,2369.0,2881
BV00370-1,BV00370,Groundnut Shell,2360.0,2843
BV00371-1,BV00371,Groundnut Shell,3110.0,2791
BV00372-1,BV00372,Groundnut Shell,2495.0,2880
BV00373-1,BV00373,Groundnut Shell,2550.0,2815
BV00374-1,BV00374,Groundnut Shell,3006.0,2859
BV00375-1,BV00375,Groundnut Shell,2771.0,2830
BV00376-1,BV00376,Cotton Stalk,2008.0,2684
BV00377-1,BV00377,Cotton Stalk,2441.0,2618
BV00378-1,BV00378,Cotton Stalk,2514.0,2703
BV00379-1,BV00379,Cotton Stalk,2567.0,2593
BV00380-1,BV00380,Cotton Stalk,2258.0,2671
BV00381-1,BV00381,Cotton Stalk,2483.0,2614
BV00382-1,BV00382,Cotton Stalk,2500.0,2615
BV00383-1,BV00383,Cotton Stalk,2094.0,2633
BV00384-1,BV00384,Cotton Stalk,2306.0,2617
BV00385-1,BV00385,Cotton Stalk,2465.0,2613
BV00386-1,BV00386,Cotton Stalk,1944.0,2589
BV00387-1,BV00387,Cotton Stalk,2493.0,2615
BV00388-1,BV00388,Cotton Stalk,2172.0,2658
BV00389-1,BV00389,Cotton Stalk,2059.0,2577
BV00390-1,BV00390,Cotton Stalk,2159.0,2590
BV00391-1,BV00391,Cotton Stalk,2209.0,2652
BV00392-1,BV00392,Cotton Stalk,2518.0,2582
BV00393-1,BV00393,Cotton Stalk,1918.0,2659
BV00394-1,BV00394,Cotton Stalk,2434.0,2714
BV00395-1,BV00395,Groundnut Shell,2749.0,2936
BV00396-1,BV00396,Groundnut Shell,2364.0,2774
BV00397-1,BV00397,Groundnut Shell,2705.0,2845
BV00398-1,BV00398,Groundnut Shell,2595.0,2832
BV00399-1,BV00399,Groundnut Shell,2005.0,2915
BV00400-1,BV00400,Groundnut Shell,2457.0,2842
BV00401-1,BV00401,Groundnut Shell,2058.0,2931
BV00402-1,BV00402,Pellets,2881.0,7671
BV00403-1,BV00403,Pellets,2880.0,7737
BV00404-1,BV00404,Cotton Stalk,3526.0,2640
BV00405-1,BV00405,Cotton Stalk,3147.0,2636
BV00406-1,BV00406,Cotton Stalk,3442.0,2527
BV00407-1,BV00407,Cotton Stalk,2897.0,2503
BV00408-1,BV00408,Cotton Stalk,3288.0,2517
BV00409-1,BV00409,Cotton Stalk,3671.0,2605
BV00410-1,BV00410,Cotton Stalk,3879.0,2542
BV00411-1,BV00411,Cotton Stalk,3783.0,2576
BV00412-1,BV00412,Cotton Stalk,2843.0,2543
BV00413-1,BV00413,Cotton Stalk,3043.0,2551
BV00414-1,BV00414,Cotton Stalk,3498.0,2640
BV00415-1,BV00415,Cotton Stalk,3388.0,2587
BV00416-1,BV00416,Cotton Stalk,3200.0,2585
BV00417-1,BV00417,Groundnut Shell,3205.0,2797
BV00418-1,BV00418,Groundnut Shell,3306.0,2841
BV00419-1,BV00419,Groundnut Shell,3046.0,2816
BV00420-1,BV00420,Groundnut Shell,4143.0,2843
BV00421-1,BV00421,Groundnut Shell,3258.0,2790
BV00422-1,BV00422,Pellets,3178.0,7576
BV00423-1,BV00423,Pellets,3177.0,7522
BV00424-1,BV00424,Cotton Stalk,3083.0,2438
BV00425-1,BV00425,Cotton Stalk,3148.0,2413
BV00426-1,BV00426,Cotton Stalk,2539.0,2450
BV00427-1,BV00427,Cotton Stalk,2948.0,2437
BV00428-1,BV00428,Cotton Stalk,2876.0,2489
BV00429-1,BV00429,Cotton Stalk,2974.0,2454
BV00430-1,BV00430,Cotton Stalk,2642.0,2451
BV00431-1,BV00431,Cotton Stalk,2784.0,2481
BV00432-1,BV00432,Cotton Stalk,3168.0,2539
BV00433-1,BV00433,Cotton Stalk,3010.0,2424
BV00434-1,BV00434,Cotton Stalk,3195.0,2492
BV00435-1,BV00435,Cotton Stalk,2958.0,2451
BV00436-1,BV00436,Cotton Stalk,3013.0,2484
BV00437-1,BV00437,Cotton Stalk,2980.0,2445
BV00438-1,BV00438,Cotton Stalk,2704.0,2411
BV00439-1,BV00439,Groundnut Shell,2473.0,2671
BV00440-1,BV00440,Groundnut Shell,2828.0,2751
BV00441-1,BV00441,Groundnut Shell,2957.0,2692
BV00442-1,BV00442,Groundnut Shell,3126.0,2724
BV00443-1,BV00443,Groundnut Shell,2993.0,2603
BV00444-1,BV00444,Groundnut Shell,2742.0,2727
BV00445-1,BV00445,Pellets,5473.0,7654
BV00446-1,BV00446,Cotton Stalk,2940.0,2349
BV00447-1,BV00447,Cotton Stalk,3106.0,2335
BV00448-1,BV00448,Cotton Stalk,2899.0,2442
BV00449-1,BV00449,Cotton Stalk,3153.0,2355
BV00450-1,BV00450,Cotton Stalk,2783.0,2325
BV00451-1,BV00451,Cotton Stalk,2670.0,2360
BV00452-1,BV00452,Cotton Stalk,2666.0,2374
BV00453-1,BV00453,Cotton Stalk,3138.0,2335
BV00454-1,BV00454,Cotton Stalk,3030.0,2441
BV00455-1,BV00455,Cotton Stalk,3032.0,2367
BV00456-1,BV00456,Cotton Stalk,2784.0,2356
BV00457-1,BV00457,Cotton Stalk,2500.0,2359
BV00458-1,BV00458,Cotton Stalk,2616.0,2362
BV00459-1,BV00459,Cotton Stalk,2271.0,2393
BV00460-1,BV00460,Cotton Stalk,2482.0,2382
BV00461-1,BV00461,Cotton Stalk,3253.0,2432
BV00462-1,BV00462,Cotton Stalk,2664.0,2399
BV00463-1,BV00463,Cotton Stalk,2681.0,2430
BV00464-1,BV00464,Groundnut Shell,3080.0,2629
BV00465-1,BV00465,Groundnut Shell,3637.0,2556
BV00466-1,BV00466,Groundnut Shell,3708.0,2557
BV00467-1,BV00467,Groundnut Shell,3277.0,2571
BV00468-1,BV00468,Groundnut Shell,3385.0,2544
BV00469-1,BV00469,Groundnut Shell,2617.0,2572
BV00470-1,BV00470,Cotton Stalk,2400.0,2314
BV00471-1,BV00471,Cotton Stalk,2617.0,2373
BV00472-1,BV00472,Cotton Stalk,3082.0,2238
BV00473-1,BV00473,Cotton Stalk,2576.0,2325
BV00474-1,BV00474,Cotton Stalk,2503.0,2311
BV00475-1,BV00475,Cotton Stalk,2992.0,2269
BV00476-1,BV00476,Cotton Stalk,2961.0,2238
BV00477-1,BV00477,Cotton Stalk,2995.0,2249
BV00478-1,BV00478,Cotton Stalk,2542.0,2359
BV00479-1,BV00479,Cotton Stalk,2822.0,2290
BV00480-1,BV00480,Cotton Stalk,2662.0,2269
BV00481-1,BV00481,Cotton Stalk,3055.0,2237
BV00482-1,BV00482,Cotton Stalk,2498.0,2287
BV00483-1,BV00483,Cotton Stalk,2263.0,2269
BV00484-1,BV00484,Cotton Stalk,2629.0,2309
BV00485-1,BV00485,Cotton Stalk,2766.0,2309
BV00486-1,BV00486,Cotton Stalk,2455.0,2272
BV00487-1,BV00487,Cotton Stalk,3136.0,2267
BV00488-1,BV00488,Groundnut Shell,2322.0,2471
BV00489-1,BV00489,Groundnut Shell,2319.0,2510
BV00490-1,BV00490,Groundnut Shell,2270.0,2494
BV00491-1,BV00491,Groundnut Shell,2497.0,2551
BV00492-1,BV00492,Groundnut Shell,2331.0,2521
BV00493-1,BV00493,Groundnut Shell,2323.0,2428
BV00494-1,BV00494,Groundnut Shell,2192.0,2526
BV00495-1,BV00495,Groundnut Shell,2783.0,2530
BV00496-1,BV00496,Cotton Stalk,3012.0,2272
BV00497-1,BV00497,Cotton Stalk,3727.0,2302
BV00498-1,BV00498,Cotton Stalk,3560.0,2241
BV00499-1,BV00499,Cotton Stalk,3429.0,2212
BV00500-1,BV00500,Cotton Stalk,2955.0,2277
BV00501-1,BV00501,Cotton Stalk,3277.0,2201
BV00502-1,BV00502,Cotton Stalk,3031.0,2226
BV00503-1,BV00503,Cotton Stalk,3295.0,2316
BV00504-1,BV00504,Cotton Stalk,3017.0,2279
BV00505-1,BV00505,Cotton Stalk,2965.0,2220
BV00506-1,BV00506,Cotton Stalk,3219.0,2253
BV00507-1,BV00507,Cotton Stalk,3473.0,2277
BV00508-1,BV00508,Cotton Stalk,3133.0,2322
BV00509-1,BV00509,Cotton Stalk,2869.0,2316
BV00510-1,BV00510,Cotton Stalk,3771.0,2267
BV00511-1,BV00511,Groundnut Shell,2874.0,2410
BV00512-1,BV00512,Groundnut Shell,2833.0,2418
BV00513-1,BV00513,Groundnut Shell,3174.0,2487
BV00514-1,BV00514,Groundnut Shell,2855.0,2442
BV00515-1,BV00515,Groundnut Shell,3469.0,2431
BV00516-1,BV00516,Groundnut Shell,3747.0,2372
BV00517-1,BV00517,Cotton Stalk,2096.0,2314
BV00518-1,BV00518,Cotton Stalk,1795.0,2327
BV00519-1,BV00519,Cotton Stalk,1931.0,2302
BV00520-1,BV00520,Cotton Stalk,2100.0,2285
BV00521-1,BV00521,Cotton Stalk,1919.0,2369
BV00522-1,BV00522,Cotton Stalk,1626.0,2248
BV00523-1,BV00523,Cotton Stalk,1934.0,2262
BV00524-1,BV00524,Cotton Stalk,1916.0,2273
BV00525-1,BV00525,Cotton Stalk,2052.0,2371
BV00526-1,BV00526,Cotton Stalk,2150.0,2255
BV00527-1,BV00527,Cotton Stalk,1869.0,2244
BV00528-1,BV00528,Cotton Stalk,1824.0,2317
BV00529-1,BV00529,Cotton Stalk,2024.0,2366
BV00530-1,BV00530,Cotton Stalk,1999.0,2291
BV00531-1,BV00531,Cotton Stalk,2101.0,2251
BV00532-1,BV00532,Cotton Stalk,2116.0,2338
BV00533-1,BV00533,Cotton Stalk,1920.0,2342
BV00534-1,BV00534,Cotton Stalk,1606.0,2275
BV00535-1,BV00535,Cotton Stalk,1718.0,2341
BV00536-1,BV00536,Cotton Stalk,1906.0,2319
BV00537-1,BV00537,Cotton Stalk,1913.0,2325
BV00538-1,BV00538,Cotton Stalk,1649.0,2300
BV00539-1,BV00539,Cotton Stalk,1671.0,2364
BV00540-1,BV00540,Cotton Stalk,1783.0,2307
BV00541-1,BV00541,Cotton Stalk,2227.0,2335
BV00542-1,BV00542,Cotton Stalk,1790.0,2308
BV00543-1,BV00543,Groundnut Shell,3402.0,2474
BV00544-1,BV00544,Groundnut Shell,3377.0,2428
BV00545-1,BV00545,Groundnut Shell,2745.0,2468
BV00546-1,BV00546,Groundnut Shell,3270.0,2455
BV00547-1,BV00547,Groundnut Shell,3171.0,2533
BV00548-1,BV00548,Groundnut Shell,3338.0,2450
BV00549-1,BV00549,Cotton Stalk,2467.0,2335
BV00550-1,BV00550,Cotton Stalk,2562.0,2366
BV00551-1,BV00551,Cotton Stalk,3170.0,2359
BV00552-1,BV00552,Cotton Stalk,3134.0,2407
BV00553-1,BV00553,Cotton Stalk,2726.0,2386
BV00554-1,BV00554,Cotton Stalk,2905.0,2391
BV00555-1,BV00555,Cotton Stalk,2579.0,2346
BV00556-1,BV00556,Cotton Stalk,2990.0,2343
BV00557-1,BV00557,Cotton Stalk,2781.0,2356
BV00558-1,BV00558,Cotton Stalk,3228.0,2367
BV00559-1,BV00559,Cotton Stalk,3077.0,2342
BV00560-1,BV00560,Cotton Stalk,2993.0,2412
BV00561-1,BV00561,Cotton Stalk,3333.0,2390
BV00562-1,BV00562,Cotton Stalk,2761.0,2375
BV00563-1,BV00563,Cotton Stalk,2937.0,2393
BV00564-1,BV00564,Cotton Stalk,2835.0,2360
BV00565-1,BV00565,Cotton Stalk,2667.0,2317
BV00566-1,BV00566,Groundnut Shell,2258.0,2586
BV00567-1,BV00567,Groundnut Shell,2487.0,2501
BV00568-1,BV00568,Groundnut Shell,2157.0,2562
BV00569-1,BV00569,Groundnut Shell,2691.0,2537
BV00570-1,BV00570,Groundnut Shell,2605.0,2543
BV00571-1,BV00571,Groundnut Shell,2359.0,2588
BV00572-1,BV00572,Groundnut Shell,2414.0,2537
BV00573-1,BV00573,Groundnut Shell,2141.0,2583
BV00574-1,BV00574,Cotton Stalk,2388.0,2384
BV00575-1,BV00575,Cotton Stalk,2265.0,2448
BV00576-1,BV00576,Cotton Stalk,2576.0,2399
BV00577-1,BV00577,Cotton Stalk,1973.0,2419
BV00578-1,BV00578,Cotton Stalk,2157.0,2359
BV00579-1,BV00579,Cotton Stalk,2318.0,2372
BV00580-1,BV00580,Cotton Stalk,2508.0,2477
BV00581-1,BV00581,Cotton Stalk,2456.0,2409
BV00582-1,BV00582,Cotton Stalk,2528.0,2464
BV00583-1,BV00583,Cotton Stalk,2244.0,2378
BV00584-1,BV00584,Cotton Stalk,2103.0,2394
BV00585-1,BV00585,Cotton Stalk,2261.0,2401
BV00586-1,BV00586,Cotton Stalk,2439.0,2375
BV00587-1,BV00587,Cotton Stalk,1981.0,2482
BV00588-1,BV00588,Cotton Stalk,2052.0,2444
BV00589-1,BV00589,Cotton Stalk,2209.0,2409
BV00590-1,BV00590,Cotton Stalk,2270.0,2437
BV00591-1,BV00591,Cotton Stalk,2483.0,2367
BV00592-1,BV00592,Cotton Stalk,2037.0,2485
BV00593-1,BV00593,Cotton Stalk,2237.0,2432
BV00594-1,BV00594,Cotton Stalk,2569.0,2494
BV00595-1,BV00595,Cotton Stalk,2085.0,2442
BV00596-1,BV00596,Groundnut Shell,2450.0,2569
BV00597-1,BV00597,Groundnut Shell,2558.0,2642
BV00598-1,BV00598,Groundnut Shell,3107.0,2587
BV00599-1,BV00599,Groundnut Shell,2945.0,2565
BV00600-1,BV00600,Groundnut Shell,2573.0,2579
BV00601-1,BV00601,Groundnut Shell,2501.0,2650
BV00602-1,BV00602,Groundnut Shell,3364.0,2601
BV00603-1,BV00603,Cotton Stalk,3538.0,2576
BV00604-1,BV00604,Cotton Stalk,3537.0,2596
BV00605-1,BV00605,Cotton Stalk,3225.0,2575
BV00606-1,BV00606,Cotton Stalk,3523.0,2646
BV00607-1,BV00607,Cotton Stalk,3717.0,2551
BV00608-1,BV00608,Cotton Stalk,3639.0,2629
BV00609-1,BV00609,Cotton Stalk,2987.0,2533
BV00610-1,BV00610,Cotton Stalk,3040.0,2572
BV00611-1,BV00611,Cotton Stalk,3326.0,2518
BV00612-1,BV00612,Cotton Stalk,3029.0,2579
BV00613-1,BV00613,Groundnut Shell,3116.0,2794
BV00614-1,BV00614,Groundnut Shell,3188.0,2743
BV00615-1,BV00615,Groundnut Shell,2950.0,2826
BV00616-1,BV00616,Groundnut Shell,3798.0,2836
BV00617-1,BV00617,Cotton Stalk,3216.0,2587
BV00618-1,BV00618,Cotton Stalk,3582.0,2715
BV00619-1,BV00619,Cotton Stalk,3798.0,2718
BV00620-1,BV00620,Cotton Stalk,4101.0,2626
BV00621-1,BV00621,Cotton Stalk,4099.0,2571
BV00622-1,BV00622,Cotton Stalk,3458.0,2720
BV00623-1,BV00623,Cotton Stalk,3538.0,2706
BV00624-1,BV00624,Cotton Stalk,3580.0,2646
BV00625-1,BV00625,Cotton Stalk,4331.0,2608
BV00626-1,BV00626,Groundnut Shell,3096.0,2840
BV00627-1,BV00627,Groundnut Shell,3835.0,2810
BV00628-1,BV00628,Groundnut Shell,3407.0,2901
BV00629-1,BV00629,Groundnut Shell,2769.0,2862
BV00630-1,BV00630,Cotton Stalk,3293.0,2692
BV00631-1,BV00631,Cotton Stalk,3718.0,2737
BV00632-1,BV00632,Cotton Stalk,3965.0,2661
BV00633-1,BV00633,Cotton Stalk,3623.0,2757
BV00634-1,BV00634,Cotton Stalk,2953.0,2768
BV00635-1,BV00635,Cotton Stalk,3957.0,2659
BV00636-1,BV00636,Cotton Stalk,3210.0,2768
BV00637-1,BV00637,Cotton Stalk,3736.0,2687
BV00638-1,BV00638,Cotton Stalk,3112.0,2699
BV00639-1,BV00639,Cotton Stalk,3232.0,2663
BV00640-1,BV00640,Groundnut Shell,2289.0,2928
BV00641-1,BV00641,Groundnut Shell,2328.0,2940
BV00642-1,BV00642,Groundnut Shell,2058.0,2985
BV00643-1,BV00643,Groundnut Shell,2228.0,2889
BV00644-1,BV00644,Groundnut Shell,2258.0,2951
BV00645-1,BV00645,Groundnut Shell,2372.0,2878
BV00646-1,BV00646,Cotton Stalk,1880.0,2677
BV00647-1,BV00647,Cotton Stalk,1852.0,2730
BV00648-1,BV00648,Cotton Stalk,1875.0,2740
BV00649-1,BV00649,Cotton Stalk,1996.0,2696
BV00650-1,BV00650,Cotton Stalk,1627.0,2826
BV00651-1,BV00651,Cotton Stalk,1704.0,2830
BV00652-1,BV00652,Cotton Stalk,1763.0,2750
BV00653-1,BV00653,Cotton Stalk,2013.0,2827
BV00654-1,BV00654,Cotton Stalk,1899.0,2744
BV00655-1,BV00655,Cotton Stalk,1673.0,2716
BV00656-1,BV00656,Cotton Stalk,1590.0,2769
BV00657-1,BV00657,Cotton Stalk,1805.0,2814
BV00658-1,BV00658,Cotton Stalk,1651.0,2822
BV00659-1,BV00659,Cotton Stalk,2132.0,2693
BV00660-1,BV00660,Cotton Stalk,1668.0,2683
BV00661-1,BV00661,Cotton Stalk,1871.0,2763
BV00662-1,BV00662,Cotton Stalk,1759.0,2814
BV00663-1,BV00663,Groundnut Shell,3080.0,3006
BV00664-1,BV00664,Groundnut Shell,2849.0,3028
BV00665-1,BV00665,Groundnut Shell,2665.0,2960
BV00666-1,BV00666,Groundnut Shell,3367.0,2982
BV00667-1,BV00667,Pellets,1485.0,7860
BV00668-1,BV00668,Pellets,1485.0,7771
BV00669-1,BV00669,Cotton Stalk,2596.0,2619
BV00670-1,BV00670,Cotton Stalk,2962.0,2653
BV00671-1,BV00671,Cotton Stalk,2893.0,2716
BV00672-1,BV00672,Cotton Stalk,2514.0,2683
BV00673-1,BV00673,Cotton Stalk,2596.0,2644
BV00674-1,BV00674,Cotton Stalk,2753.0,2756
BV00675-1,BV00675,Cotton Stalk,2699.0,2687
BV00676-1,BV00676,Cotton Stalk,2493.0,2691
BV00677-1,BV00677,Cotton Stalk,2555.0,2680
BV00678-1,BV00678,Cotton Stalk,3246.0,2621
BV00679-1,BV00679,Cotton Stalk,3194.0,2720
BV00680-1,BV00680,Groundnut Shell,3703.0,2863
BV00681-1,BV00681,Groundnut Shell,4117.0,2872
BV00682-1,BV00682,Groundnut Shell,4041.0,2867
BV00683-1,BV00683,Pellets,4169.0,7746
BV00684-1,BV00684,Cotton Stalk,2760.0,2623
BV00685-1,BV00685,Cotton Stalk,2386.0,2595
BV00686-1,BV00686,Cotton Stalk,2924.0,2629
BV00687-1,BV00687,Cotton Stalk,2716.0,2628
BV00688-1,BV00688,Cotton Stalk,3160.0,2642
BV00689-1,BV00689,Cotton Stalk,2666.0,2555
BV00690-1,BV00690,Cotton Stalk,2716.0,2605
BV00691-1,BV00691,Cotton Stalk,3241.0,2527
BV00692-1,BV00692,Cotton Stalk,2586.0,2642
BV00693-1,BV00693,Cotton Stalk,2965.0,2501
BV00694-1,BV00694,Cotton Stalk,2596.0,2550
BV00695-1,BV00695,Groundnut Shell,2414.0,2719
BV00696-1,BV00696,Groundnut Shell,2135.0,2714
BV00697-1,BV00697,Groundnut Shell,2366.0,2827
BV00698-1,BV00698,Groundnut Shell,2304.0,2807
BV00699-1,BV00699,Groundnut Shell,2726.0,2711
BV00700-1,BV00700,Pellets,3724.0,7623
BV00701-1,BV00701,Cotton Stalk,2661.0,2458
BV00702-1,BV00702,Cotton Stalk,2942.0,2461
BV00703-1,BV00703,Cotton Stalk,2955.0,2416
BV00704-1,BV00704,Cotton Stalk,3094.0,2438
BV00705-1,BV00705,Cotton Stalk,3267.0,2540
BV00706-1,BV00706,Cotton Stalk,2874.0,2469
BV00707-1,BV00707,Cotton Stalk,3316.0,2525
BV00708-1,BV00708,Cotton Stalk,2773.0,2483
BV00709-1,BV00709,Cotton Stalk,3320.0,2417
BV00710-1,BV00710,Cotton Stalk,2693.0,2522
BV00711-1,BV00711,Cotton Stalk,2818.0,2490
BV00712-1,BV00712,Cotton Stalk,2905.0,2474
BV00713-1,BV00713,Groundnut Shell,3770.0,2669
BV00714-1,BV00714,Groundnut Shell,3474.0,2710
BV00715-1,BV00715,Groundnut Shell,3215.0,2685
BV00716-1,BV00716,Groundnut Shell,3392.0,2621
BV00717-1,BV00717,Biomass Material,442.0,4523
BV00718-1,BV00718,Biomass Material,515.0,5880
BV00719-1,BV00719,Biomass Material,219.0,4414
BV00720-1,BV00720,Biomass Material,238.0,4507
BV00721-1,BV00721,Biomass Material,445.0,6380
BV00722-1,BV00722,Biomass Material,285.0,5311
BV00723-1,BV00723,Biomass Material,356.0,4798
BV00724-1,BV00724,Biomass Material,260.0,5061
BV00725-1,BV00725,Cotton Stalk,1999.0,2402
BV00726-1,BV00726,Cotton Stalk,2250.0,2426
BV00727-1,BV00727,Cotton Stalk,2107.0,2388
BV00728-1,BV00728,Cotton Stalk,2050.0,2445
BV00729-1,BV00729,Cotton Stalk,2079.0,2382
BV00730-1,BV00730,Cotton Stalk,1956.0,2438
BV00731-1,BV00731,Cotton Stalk,1679.0,2458
BV00732-1,BV00732,Cotton Stalk,2060.0,2333
BV00733-1,BV00733,Groundnut Shell,3421.0,2578
BV00734-1,BV00734,Groundnut Shell,2791.0,2658
BV00735-1,BV00735,Groundnut Shell,2839.0,2643
BV00736-1,BV00736,Groundnut Shell,3619.0,2582
BV00737-1,BV00737,Cotton Stalk,2208.0,2314
BV00738-1,BV00738,Cotton Stalk,2265.0,2321
BV00739-1,BV00739,Cotton Stalk,1973.0,2414
BV00740-1,BV00740,Cotton Stalk,1670.0,2284
BV00741-1,BV00741,Cotton Stalk,2039.0,2390
BV00742-1,BV00742,Cotton Stalk,2122.0,2368
BV00743-1,BV00743,Cotton Stalk,1977.0,2386
BV00744-1,BV00744,Cotton Stalk,1807.0,2400
BV00745-1,BV00745,Cotton Stalk,2015.0,2356
BV00746-1,BV00746,Cotton Stalk,2233.0,2289
BV00747-1,BV00747,Cotton Stalk,2199.0,2382
BV00748-1,BV00748,Cotton Stalk,2033.0,2413
BV00749-1,BV00749,Cotton Stalk,2022.0,2414
BV00750-1,BV00750,Cotton Stalk,1927.0,2327
BV00751-1,BV00751,Cotton Stalk,2040.0,2299
BV00752-1,BV00752,Cotton Stalk,1875.0,2306
BV00753-1,BV00753,Cotton Stalk,1565.0,2414
BV00754-1,BV00754,Cotton Stalk,1939.0,2393
BV00755-1,BV00755,Groundnut Shell,2651.0,2580
BV00756-1,BV00756,Groundnut Shell,2464.0,2534
BV00757-1,BV00757,Groundnut Shell,2932.0,2540
BV00758-1,BV00758,Groundnut Shell,2630.0,2565
BV00759-1,BV00759,Groundnut Shell,3287.0,2472
BV00760-1,BV00760,Cotton Stalk,3006.0,2442
BV00761-1,BV00761,Cotton Stalk,2960.0,2400
BV00762-1,BV00762,Cotton Stalk,2784.0,2431
BV00763-1,BV00763,Cotton Stalk,3169.0,2446
BV00764-1,BV00764,Cotton Stalk,2614.0,2358
BV00765-1,BV00765,Cotton Stalk,2588.0,2436
BV00766-1,BV00766,Cotton Stalk,2651.0,2429
BV00767-1,BV00767,Cotton Stalk,2807.0,2378
BV00768-1,BV00768,Cotton Stalk,2977.0,2416
BV00769-1,BV00769,Cotton Stalk,2959.0,2425
BV00770-1,BV00770,Cotton Stalk,2400.0,2388
BV00771-1,BV00771,Cotton Stalk,2844.0,2350
BV00772-1,BV00772,Groundnut Shell,3742.0,2626
BV00773-1,BV00773,Groundnut Shell,2853.0,2598
BV00774-1,BV00774,Groundnut Shell,3183.0,2569
BV00775-1,BV00775,Groundnut Shell,3350.0,2636
BV00776-1,BV00776,Biomass Material,439.0,6319
BV00777-1,BV00777,Biomass Material,292.0,5061
BV00778-1,BV00778,Biomass Material,250.0,5375
BV00779-1,BV00779,Biomass Material,221.0,4457
BV00780-1,BV00780,Biomass Material,358.0,5817
BV00781-1,BV00781,Biomass Material,274.0,5716
BV00782-1,BV00782,Cotton Stalk,3003.0,2498
BV00783-1,BV00783,Cotton Stalk,3631.0,2460
BV00784-1,BV00784,Cotton Stalk,3040.0,2463
BV00785-1,BV00785,Cotton Stalk,3372.0,2383
BV00786-1,BV00786,Cotton Stalk,2734.0,2477
BV00787-1,BV00787,Groundnut Shell,2819.0,2689
BV00788-1,BV00788,Groundnut Shell,2385.0,2577
BV00789-1,BV00789,Groundnut Shell,2350.0,2687
BV00790-1,BV00790,Groundnut Shell,3219.0,2624
BV00791-1,BV00791,Groundnut Shell,2717.0,2619
BV00792-1,BV00792,Cotton Stalk,2214.0,2569
BV00793-1,BV00793,Cotton Stalk,2332.0,2472
BV00794-1,BV00794,Cotton Stalk,1925.0,2513
BV00795-1,BV00795,Cotton Stalk,1864.0,2533
BV00796-1,BV00796,Cotton Stalk,2214.0,2535
BV00797-1,BV00797,Cotton Stalk,2102.0,2591
BV00798-1,BV00798,Cotton Stalk,1798.0,2491
BV00799-1,BV00799,Cotton Stalk,2087.0,2518
BV00800-1,BV00800,Cotton Stalk,1866.0,2517
BV00801-1,BV00801,Cotton Stalk,1941.0,2571
BV00802-1,BV00802,Cotton Stalk,2292.0,2482
BV00803-1,BV00803,Cotton Stalk,2401.0,2498
BV00804-1,BV00804,Cotton Stalk,1920.0,2469
BV00805-1,BV00805,Cotton Stalk,2147.0,2529
BV00806-1,BV00806,Cotton Stalk,2077.0,2528
BV00807-1,BV00807,Cotton Stalk,2305.0,2557
BV00808-1,BV00808,Groundnut Shell,2947.0,2770
BV00809-1,BV00809,Groundnut Shell,3273.0,2795
BV00810-1,BV00810,Groundnut Shell,3215.0,2731
BV00811-1,BV00811,Groundnut Shell,3587.0,2708
BV00812-1,BV00812,Cotton Stalk,2324.0,2765
BV00813-1,BV00813,Cotton Stalk,2170.0,2797
BV00814-1,BV00814,Cotton Stalk,2648.0,2713
BV00815-1,BV00815,Cotton Stalk,2108.0,2656
BV00816-1,BV00816,Cotton Stalk,2241.0,2691
BV00817-1,BV00817,Cotton Stalk,2345.0,2647
BV00818-1,BV00818,Cotton Stalk,2541.0,2744
BV00819-1,BV00819,Cotton Stalk,2095.0,2666
BV00820-1,BV00820,Cotton Stalk,2070.0,2774
BV00821-1,BV00821,Cotton Stalk,2407.0,2650
BV00822-1,BV00822,Cotton Stalk,2162.0,2686
BV00823-1,BV00823,Cotton Stalk,2543.0,2743
BV00824-1,BV00824,Cotton Stalk,2254.0,2754
BV00825-1,BV00825,Cotton Stalk,2589.0,2651
BV00826-1,BV00826,Cotton Stalk,2431.0,2764
BV00827-1,BV00827,Cotton Stalk,2385.0,2782
BV00828-1,BV00828,Cotton Stalk,2155.0,2706
BV00829-1,BV00829,Cotton Stalk,2050.0,2760
BV00830-1,BV00830,Cotton Stalk,2289.0,2787
BV00831-1,BV00831,Cotton Stalk,2686.0,2712
BV00832-1,BV00832,Cotton Stalk,2152.0,2701
BV00833-1,BV00833,Groundnut Shell,2089.0,3004
BV00834-1,BV00834,Groundnut Shell,1917.0,2945
BV00835-1,BV00835,Groundnut Shell,2011.0,2894
BV00836-1,BV00836,Groundnut Shell,1996.0,2906
BV00837-1,BV00837,Groundnut Shell,1885.0,2914
BV00838-1,BV00838,Groundnut Shell,2440.0,2859
BV00839-1,BV00839,Groundnut Shell,2405.0,2902
BV00840-1,BV00840,Groundnut Shell,2331.0,2990
BV00841-1,BV00841,Groundnut Shell,1844.0,2893
BV00842-1,BV00842,Cotton Stalk,3190.0,2839
BV00843-1,BV00843,Cotton Stalk,3752.0,2845
BV00844-1,BV00844,Cotton Stalk,3638.0,2699
BV00845-1,BV00845,Cotton Stalk,3328.0,2706
BV00846-1,BV00846,Cotton Stalk,3344.0,2847
BV00847-1,BV00847,Cotton Stalk,4296.0,2725
BV00848-1,BV00848,Cotton Stalk,3882.0,2726
BV00849-1,BV00849,Cotton Stalk,3209.0,2749
BV00850-1,BV00850,Cotton Stalk,3715.0,2740
BV00851-1,BV00851,Cotton Stalk,3821.0,2802
BV00852-1,BV00852,Cotton Stalk,4441.0,2803
BV00853-1,BV00853,Cotton Stalk,4079.0,2732
BV00854-1,BV00854,Cotton Stalk,3074.0,2699
BV00855-1,BV00855,Groundnut Shell,2563.0,2967
BV00856-1,BV00856,Groundnut Shell,2635.0,2964
BV00857-1,BV00857,Groundnut Shell,2396.0,3018
BV00858-1,BV00858,Groundnut Shell,2576.0,3059
BV00859-1,BV00859,Groundnut Shell,2905.0,2914
BV00860-1,BV00860,Groundnut Shell,2603.0,3008
BV00861-1,BV00861,Groundnut Shell,2899.0,2993
BV00862-1,BV00862,Biomass Material,463.0,4384
BV00863-1,BV00863,Biomass Material,350.0,6181
BV00864-1,BV00864,Biomass Material,539.0,5886
BV00865-1,BV00865,Biomass Material,427.0,5311
BV00866-1,BV00866,Biomass Material,208.0,5506
BV00867-1,BV00867,Biomass Material,190.0,4722
BV00868-1,BV00868,Biomass Material,208.0,4877
BV00869-1,BV00869,Biomass Material,424.0,4997
BV00870-1,BV00870,Biomass Material,310.0,4959
BV00871-1,BV00871,Biomass Material,287.0,4475
BV00872-1,BV00872,Biomass Material,282.0,5586
BV00873-1,BV00873,Biomass Material,404.0,4309
BV00874-1,BV00874,Biomass Material,282.0,6169
BV00875-1,BV00875,Biomass Material,286.0,5673
BV00876-1,BV00876,Cotton Stalk,1752.0,2781
BV00877-1,BV00877,Cotton Stalk,1902.0,2825
BV00878-1,BV00878,Cotton Stalk,1762.0,2921
BV00879-1,BV00879,Cotton Stalk,1815.0,2919
BV00880-1,BV00880,Cotton Stalk,1986.0,2840
BV00881-1,BV00881,Cotton Stalk,1544.0,2799
BV00882-1,BV00882,Cotton Stalk,1605.0,2853
BV00883-1,BV00883,Cotton Stalk,1605.0,2875
BV00884-1,BV00884,Cotton Stalk,2142.0,2758
BV00885-1,BV00885,Cotton Stalk,1795.0,2815
BV00886-1,BV00886,Cotton Stalk,1869.0,2900
BV00887-1,BV00887,Cotton Stalk,1777.0,2763
BV00888-1,BV00888,Groundnut Shell,2253.0,3148
BV00889-1,BV00889,Groundnut Shell,2223.0,3141
BV00890-1,BV00890,Groundnut Shell,2132.0,3062
BV00891-1,BV00891,Groundnut Shell,2266.0,3079
BV00892-1,BV00892,Groundnut Shell,2488.0,3063
BV00893-1,BV00893,Groundnut Shell,2256.0,3147
BV00894-1,BV00894,Groundnut Shell,2206.0,3084
BV00895-1,BV00895,Groundnut Shell,2540.0,3083
BV00896-1,BV00896,Cotton Stalk,2071.0,2902
BV00897-1,BV00897,Cotton Stalk,2369.0,2842
BV00898-1,BV00898,Cotton Stalk,2022.0,2890
BV00899-1,BV00899,Cotton Stalk,2074.0,2833
BV00900-1,BV00900,Cotton Stalk,1936.0,2940
BV00901-1,BV00901,Cotton Stalk,2015.0,2808
BV00902-1,BV00902,Cotton Stalk,1930.0,2939
BV00903-1,BV00903,Cotton Stalk,2123.0,2968
BV00904-1,BV00904,Cotton Stalk,1943.0,2942
BV00905-1,BV00905,Cotton Stalk,2116.0,2850
BV00906-1,BV00906,Cotton Stalk,2296.0,2972
BV00907-1,BV00907,Cotton Stalk,2296.0,2863
BV00908-1,BV00908,Cotton Stalk,2154.0,2918
BV00909-1,BV00909,Cotton Stalk,2461.0,2934
BV00910-1,BV00910,Cotton Stalk,2101.0,2937
BV00911-1,BV00911,Cotton Stalk,2356.0,2958
BV00912-1,BV00912,Cotton Stalk,1897.0,2818
BV00913-1,BV00913,Cotton Stalk,2442.0,2846
BV00914-1,BV00914,Cotton Stalk,2220.0,2846
BV00915-1,BV00915,Cotton Stalk,1775.0,2943
BV00916-1,BV00916,Groundnut Shell,2452.0,3064
BV00917-1,BV00917,Groundnut Shell,2515.0,3054
BV00918-1,BV00918,Groundnut Shell,2414.0,3180
BV00919-1,BV00919,Groundnut Shell,2154.0,3063
BV00920-1,BV00920,Groundnut Shell,2576.0,3161
BV00921-1,BV00921,Groundnut Shell,2396.0,3163
BV00922-1,BV00922,Groundnut Shell,2058.0,3208
BV00923-1,BV00923,Pellets,4452.0,7875
BV00924-1,BV00924,Cotton Stalk,1955.0,2838
BV00925-1,BV00925,Cotton Stalk,1664.0,2812
BV00926-1,BV00926,Cotton Stalk,1967.0,2843
BV00927-1,BV00927,Cotton Stalk,1941.0,2734
BV00928-1,BV00928,Cotton Stalk,1832.0,2891
BV00929-1,BV00929,Cotton Stalk,2043.0,2783
BV00930-1,BV00930,Cotton Stalk,1758.0,2880
BV00931-1,BV00931,Cotton Stalk,1842.0,2797
BV00932-1,BV00932,Cotton Stalk,1901.0,2735
BV00933-1,BV00933,Cotton Stalk,2127.0,2783
BV00934-1,BV00934,Cotton Stalk,1847.0,2770
BV00935-1,BV00935,Cotton Stalk,1919.0,2838
BV00936-1,BV00936,Cotton Stalk,2177.0,2831
BV00937-1,BV00937,Cotton Stalk,1821.0,2827
BV00938-1,BV00938,Cotton Stalk,1880.0,2893
BV00939-1,BV00939,Cotton Stalk,2038.0,2827
BV00940-1,BV00940,Cotton Stalk,2003.0,2767
BV00941-1,BV00941,Cotton Stalk,1950.0,2757
BV00942-1,BV00942,Cotton Stalk,1841.0,2813
BV00943-1,BV00943,Cotton Stalk,1984.0,2868
BV00944-1,BV00944,Cotton Stalk,1701.0,2734
BV00945-1,BV00945,Cotton Stalk,1744.0,2778
BV00946-1,BV00946,Groundnut Shell,2751.0,3015
BV00947-1,BV00947,Groundnut Shell,2760.0,2958
BV00948-1,BV00948,Groundnut Shell,2648.0,3010
BV00949-1,BV00949,Groundnut Shell,2336.0,3052
BV00950-1,BV00950,Groundnut Shell,3220.0,3017
BV00951-1,BV00951,Groundnut Shell,2593.0,3112
BV00952-1,BV00952,Pellets,2991.0,7852
BV00953-1,BV00953,Pellets,2992.0,7698
