dispatch_no,dispatch_date,vehicle_no,grade_code,destination,tender_ref,qty_gross_t,qty_net_t,invoice_no
DR00001,2023-04-18,RJ14GA4605,PLT-B2,NTPC SIPAT,T-23-01,995.08,963.1,INV00001
DR00002,2023-04-10,RJ12GA9088,PLT-B2,NTPC SIPAT,T-23-01,1025.76,1003.6,INV00002
DR00003,2023-04-09,RJ17GA4904,PLT-B2,KOTA TEXTILE,C-23-42,629.85,608.3,INV00003
DR00004,2023-04-17,RJ07GA5524,PLT-B2,NTPC KORBA,T-23-05,1197.94,1158.9,INV00004
DR00005,2023-04-24,RJ02GA3897,PLT-B2,NTPC KORBA,T-23-05,976.85,949.4,INV00005
DR00006,2023-04-20,RJ03GA8522,PLT-A1,NTPC MOUDA,T-23-09,2074.28,2016.7,INV00006
DR00007,2023-04-19,RJ05GA6226,PLT-T1,NTPC NORTH KARANPURA,T-23-13,1118.01,1094.5,INV00007
DR00008,2023-04-18,RJ03GA3078,PLT-T1,NTPC NORTH KARANPURA,T-23-13,952.69,922.2,INV00008
DR00009,2023-04-10,RJ08GA4706,PLT-T1,NTPC DARLIPALI,T-23-17,1020.46,997.7,INV00009
DR00010,2023-04-16,RJ01GA6328,PLT-T1,NTPC DARLIPALI,T-23-17,1145.37,1102.3,INV00010
DR00011,2023-04-15,RJ25GA9120,PLT-B2,NTPC LARA,T-23-21,1003.5,983.4,INV00011
DR00012,2023-04-25,RJ13GA3376,PLT-B2,NTPC LARA,T-23-21,852.42,824.9,INV00012
DR00013,2023-04-14,RJ21GA9739,PLT-T1,NTPC GADARWARA,T-23-24,937.44,903.3,INV00013
DR00014,2023-04-19,RJ09GA9667,PLT-T1,NTPC GADARWARA,T-23-24,1068.84,1046.7,INV00014
DR00015,2023-04-26,RJ15GA9337,PLT-B2,SURATGARH STPS,T-23-27,1758.29,1708.3,INV00015
DR00016,2023-05-17,RJ03GA1666,PLT-B2,NTPC SIPAT,T-23-01,1055.04,1017.4,INV00016
DR00017,2023-05-12,RJ15GA4281,PLT-B2,NTPC SIPAT,,974.13,949.3,INV00017
DR00018,2023-05-03,RJ09GA5397,PLT-B2,KOTA TEXTILE,C-23-42,622.95,608.3,INV00018
DR00019,2023-05-09,RJ14GA8113,PLT-B2,NTPC KORBA,T-23-05,1023.13,997.0,INV00019
DR00020,2023-05-26,RJ01GA4914,PLT-B2,NTPC KORBA,T-23-05,1139.6,1111.3,INV00020
DR00021,2023-05-07,RJ21GA2984,PLT-A1,NTPC MOUDA,T-23-09,1125.87,1091.4,INV00021
DR00022,2023-05-03,RJ22GA8319,PLT-A1,NTPC MOUDA,T-23-09,944.23,925.3,INV00022
DR00023,2023-05-12,RJ01GA5105,PLT-T1,NTPC NORTH KARANPURA,T-23-13,1111.11,1083.6,INV00023
DR00024,2023-05-26,RJ12GA8186,PLT-T1,NTPC NORTH KARANPURA,T-23-13,960.12,933.1,INV00024
DR00025,2023-05-15,RJ11GA8955,PLT-T1,NTPC DARLIPALI,T-23-17,1115.1,1085.3,INV00025
DR00026,2023-05-18,RJ11GA3266,PLT-T1,NTPC DARLIPALI,,1038.57,1014.7,INV00026
DR00027,2023-05-14,RJ22GA2458,PLT-B2,NTPC LARA,,1877.05,1808.3,INV00027
DR00028,2023-05-24,RJ22GA5389,PLT-T1,NTPC GADARWARA,T-23-24,931.79,903.5,INV00028
DR00029,2023-05-25,RJ10GA8362,PLT-T1,NTPC GADARWARA,T-23-24,1067.92,1046.5,INV00029
DR00030,2023-05-14,RJ01GA5568,PLT-B2,SURATGARH STPS,T-23-27,957.09,927.6,INV00030
DR00031,2023-05-15,RJ27GA7187,PLT-B2,SURATGARH STPS,T-23-27,798.16,780.7,INV00031
DR00032,2023-06-20,RJ09GA9589,PLT-B2,NTPC SIPAT,T-23-01,2011.06,1966.7,INV00032
DR00033,2023-06-18,RJ22GA3633,PLT-B2,KOTA TEXTILE,C-23-42,621.57,608.3,INV00033
DR00034,2023-06-04,RJ04GA3871,PLT-B2,NTPC KORBA,T-23-05,1060.91,1034.6,INV00034
DR00035,2023-06-25,RJ10GA1083,PLT-B2,NTPC KORBA,T-23-05,1110.05,1073.7,INV00035
DR00036,2023-06-10,RJ03GA9629,PLT-A1,NTPC MOUDA,T-23-09,1109.42,1068.7,INV00036
DR00037,2023-06-05,RJ16GA2711,PLT-A1,NTPC MOUDA,T-23-09,982.68,948.0,INV00037
DR00038,2023-06-02,RJ23GA9792,PLT-T1,NTPC NORTH KARANPURA,T-23-13,1086.58,1064.5,INV00038
DR00039,2023-06-09,RJ08GA8672,PLT-T1,NTPC NORTH KARANPURA,T-23-13,975.49,952.2,INV00039
DR00040,2023-06-14,RJ18GA8475,PLT-T1,NTPC DARLIPALI,T-23-17,1151.51,1109.1,INV00040
DR00041,2023-06-11,RJ09GA7476,PLT-T1,NTPC DARLIPALI,T-23-17,1016.68,990.9,INV00041
DR00042,2023-06-10,RJ03GA9606,PLT-B2,NTPC LARA,T-23-21,1851.66,1808.3,INV00042
DR00043,2023-06-26,RJ27GA2705,PLT-T1,NTPC GADARWARA,T-23-24,964.62,929.1,INV00043
DR00044,2023-06-21,RJ08GA8512,PLT-T1,NTPC GADARWARA,T-23-24,1060.8,1020.9,INV00044
DR00045,2023-06-14,RJ07GA3502,PLT-B2,SURATGARH STPS,T-23-27,1766.88,1708.3,INV00045
DR00046,2023-06-05,RJ07GA6984,PLT-B2,JAIPUR BOTTLING,C-23-35,521.91,508.3,INV00046
DR00047,2023-06-10,RJ01GA5286,PLT-T1,NAGAUR CEMENT,C-23-31,631.35,616.7,INV00047
DR00048,2023-07-27,RJ15GA8887,PLT-B2,NTPC SIPAT,T-23-01,1107.48,1070.3,INV00048
DR00049,2023-07-20,RJ11GA6146,PLT-B2,NTPC SIPAT,T-23-01,916.05,896.4,INV00049
DR00050,2023-07-03,RJ08GA9900,PLT-B2,KOTA TEXTILE,C-23-42,620.64,608.3,INV00050
DR00051,2023-07-09,RJ03GA8386,PLT-B2,NTPC KORBA,,1087.93,1064.1,INV00051
DR00052,2023-07-08,RJ01GA6679,PLT-B2,NTPC KORBA,T-23-05,1073.93,1044.2,INV00052
DR00053,2023-07-19,RJ18GA1472,PLT-A1,NTPC MOUDA,T-23-09,1132.75,1100.6,INV00053
DR00054,2023-07-26,RJ11GA6703,PLT-A1,NTPC MOUDA,T-23-09,949.48,916.1,INV00054
DR00055,2023-07-26,RJ09GA7948,PLT-T1,NTPC NORTH KARANPURA,T-23-13,2088.86,2016.7,INV00055
DR00056,2023-07-19,RJ15GA2836,PLT-T1,NTPC DARLIPALI,T-23-17,981.31,950.6,INV00056
DR00057,2023-07-06,RJ27GA3109,PLT-T1,NTPC DARLIPALI,T-23-17,1179.31,1149.4,INV00057
DR00058,2023-07-24,RJ16GA9016,PLT-B2,NTPC LARA,T-23-21,848.51,818.0,INV00058
DR00059,2023-07-07,RJ11GA8127,PLT-B2,NTPC LARA,T-23-21,1019.1,990.3,INV00059
DR00060,2023-07-05,RJ24GA5685,PLT-T1,NTPC GADARWARA,T-23-24,939.37,908.7,INV00060
DR00061,2023-07-12,RJ03GA3737,PLT-T1,NTPC GADARWARA,T-23-24,1081.38,1041.3,INV00061
DR00062,2023-07-26,RJ22GA8956,PLT-B2,SURATGARH STPS,,1756.43,1708.3,INV00062
DR00063,2023-07-27,RJ24GA9304,PLT-B2,JAIPUR BOTTLING,C-23-35,526.43,508.3,INV00063
DR00064,2023-07-10,RJ09GA1964,PLT-T1,NAGAUR CEMENT,C-23-31,633.43,616.7,INV00064
DR00065,2023-07-09,RJ04GA3232,PLT-A1,BHILWARA PAPER,C-23-39,513.66,500.0,INV00065
DR00066,2023-08-11,RJ16GA4824,PLT-B2,NTPC SIPAT,T-23-01,1098.78,1061.2,INV00066
DR00067,2023-08-27,RJ15GA5516,PLT-B2,NTPC SIPAT,T-23-01,939.97,905.5,INV00067
DR00068,2023-08-24,RJ16GA2924,PLT-B2,KOTA TEXTILE,C-23-42,627.74,608.3,INV00068
DR00069,2023-08-27,RJ04GA5270,PLT-B2,NTPC KORBA,T-23-05,1087.66,1065.7,INV00069
DR00070,2023-08-07,RJ18GA7549,PLT-B2,NTPC KORBA,T-23-05,1083.78,1042.6,INV00070
DR00071,2023-08-14,RJ25GA5456,PLT-A1,NTPC MOUDA,T-23-09,1086.09,1050.2,INV00071
DR00072,2023-08-04,RJ10GA6979,PLT-A1,NTPC MOUDA,T-23-09,1004.33,966.5,INV00072
DR00073,2023-08-25,RJ16GA4304,PLT-T1,NTPC NORTH KARANPURA,T-23-13,977.34,944.3,INV00073
DR00074,2023-08-02,RJ15GA2641,PLT-T1,NTPC NORTH KARANPURA,,1111.59,1072.4,INV00074
DR00075,2023-08-02,RJ02GA7481,PLT-T1,NTPC DARLIPALI,T-23-17,1092.67,1057.4,INV00075
DR00076,2023-08-10,RJ01GA2376,PLT-T1,NTPC DARLIPALI,T-23-17,1078.38,1042.6,INV00076
DR00077,2023-08-10,RJ02GA9184,PLT-B2,NTPC LARA,T-23-21,1017.32,983.8,INV00077
DR00078,2023-08-18,RJ12GA4739,PLT-B2,NTPC LARA,T-23-21,843.82,824.5,INV00078
DR00079,2023-08-26,RJ14GA2106,PLT-T1,NTPC GADARWARA,,954.56,931.3,INV00079
DR00080,2023-08-10,RJ02GA3685,PLT-T1,NTPC GADARWARA,T-23-24,1046.15,1018.7,INV00080
DR00081,2023-08-12,RJ09GA9633,PLT-B2,SURATGARH STPS,T-23-27,1753.27,1708.3,INV00081
DR00082,2023-08-23,RJ17GA2282,PLT-B2,JAIPUR BOTTLING,C-23-35,521.31,508.3,INV00082
DR00083,2023-08-10,RJ08GA9229,PLT-T1,NAGAUR CEMENT,C-23-31,634.17,616.7,INV00083
DR00084,2023-08-24,RJ23GA2667,PLT-A1,BHILWARA PAPER,C-23-39,511.48,500.0,INV00084
DR00085,2023-09-03,RJ12GA6682,PLT-B2,NTPC SIPAT,T-23-01,2041.85,1966.7,INV00085
DR00086,2023-09-20,RJ09GA2924,PLT-B2,KOTA TEXTILE,C-23-42,620.91,608.3,INV00086
DR00087,2023-09-26,RJ06GA9538,PLT-B2,NTPC KORBA,T-23-05,1077.72,1049.3,INV00087
DR00088,2023-09-11,RJ14GA3640,PLT-B2,NTPC KORBA,T-23-05,1087.3,1059.0,INV00088
DR00089,2023-09-27,RJ01GA2644,PLT-A1,NTPC MOUDA,T-23-09,1149.82,1107.1,INV00089
DR00090,2023-09-12,RJ14GA4907,PLT-A1,NTPC MOUDA,T-23-09,941.22,909.6,INV00090
DR00091,2023-09-06,RJ07GA8497,PLT-T1,NTPC NORTH KARANPURA,T-23-13,981.34,957.3,INV00091
DR00092,2023-09-26,RJ16GA1968,PLT-T1,NTPC NORTH KARANPURA,T-23-13,1099.74,1059.4,INV00092
DR00093,2023-09-22,RJ27GA2206,PLT-T1,NTPC DARLIPALI,T-23-17,1104.03,1066.4,INV00093
DR00094,2023-09-03,RJ16GA3824,PLT-T1,NTPC DARLIPALI,T-23-17,1068.37,1033.6,INV00094
DR00095,2023-09-10,RJ27GA1698,PLT-B2,NTPC LARA,T-23-21,873.57,842.8,INV00095
DR00096,2023-09-14,RJ14GA1867,PLT-B2,NTPC LARA,T-23-21,995.51,965.5,INV00096
DR00097,2023-09-13,RJ19GA7592,PLT-T1,NTPC GADARWARA,T-23-24,1062.65,1022.0,INV00097
DR00098,2023-09-15,RJ21GA1278,PLT-T1,NTPC GADARWARA,T-23-24,964.5,928.0,INV00098
DR00099,2023-09-21,RJ18GA6621,PLT-B2,SURATGARH STPS,,1751.56,1708.3,INV00099
DR00100,2023-09-24,RJ09GA3562,PLT-B2,JAIPUR BOTTLING,C-23-35,521.33,508.3,INV00100
DR00101,2023-09-09,RJ11GA9063,PLT-T1,NAGAUR CEMENT,C-23-31,638.05,616.7,INV00101
DR00102,2023-09-13,RJ25GA1546,PLT-A1,BHILWARA PAPER,C-23-39,516.49,500.0,INV00102
DR00103,2023-10-20,RJ12GA9249,PLT-B2,NTPC SIPAT,T-23-01,927.71,895.1,INV00103
DR00104,2023-10-16,RJ01GA2603,PLT-B2,NTPC SIPAT,,1095.26,1071.6,INV00104
DR00105,2023-10-17,RJ01GA1740,PLT-B2,KOTA TEXTILE,,623.76,608.3,INV00105
DR00106,2023-10-16,RJ09GA4593,PLT-B2,NTPC KORBA,T-23-05,1133.87,1109.1,INV00106
DR00107,2023-10-20,RJ15GA3826,PLT-B2,NTPC KORBA,T-23-05,1023.89,999.2,INV00107
DR00108,2023-10-12,RJ24GA2699,PLT-A1,NTPC MOUDA,T-23-09,2074.69,2016.7,INV00108
DR00109,2023-10-21,RJ23GA7334,PLT-T1,NTPC NORTH KARANPURA,T-23-13,2070.75,2016.7,INV00109
DR00110,2023-10-21,RJ01GA9951,PLT-T1,NTPC DARLIPALI,T-23-17,982.41,950.1,INV00110
DR00111,2023-10-08,RJ12GA1268,PLT-T1,NTPC DARLIPALI,T-23-17,1192.88,1149.9,INV00111
DR00112,2023-10-19,RJ08GA3179,PLT-B2,NTPC LARA,T-23-21,855.01,828.1,INV00112
DR00113,2023-10-15,RJ11GA8902,PLT-B2,NTPC LARA,T-23-21,1015.73,980.2,INV00113
DR00114,2023-10-14,RJ17GA6423,PLT-T1,NTPC GADARWARA,,943.71,915.6,INV00114
DR00115,2023-10-05,RJ05GA1697,PLT-T1,NTPC GADARWARA,T-23-24,1061.2,1034.4,INV00115
DR00116,2023-10-16,RJ20GA2636,PLT-B2,SURATGARH STPS,T-23-27,1746.02,1708.3,INV00116
DR00117,2023-10-04,RJ05GA5355,PLT-B2,JAIPUR BOTTLING,C-23-35,521.08,508.3,INV00117
DR00118,2023-10-11,RJ15GA8279,PLT-T1,NAGAUR CEMENT,C-23-31,637.12,616.7,INV00118
DR00119,2023-10-19,RJ24GA1848,PLT-A1,BHILWARA PAPER,C-23-39,511.41,500.0,INV00119
DR00120,2023-11-12,RJ16GA1857,PLT-B2,NTPC SIPAT,T-23-01,1091.34,1053.6,INV00120
DR00121,2023-11-25,RJ24GA3247,PLT-B2,NTPC SIPAT,T-23-01,936.94,913.1,INV00121
DR00122,2023-11-06,RJ26GA8712,PLT-B2,KOTA TEXTILE,C-23-42,623.55,608.3,INV00122
DR00123,2023-11-15,RJ04GA7064,PLT-B2,NTPC KORBA,T-23-05,1137.32,1098.4,INV00123
DR00124,2023-11-03,RJ11GA8588,PLT-B2,NTPC KORBA,T-23-05,1043.33,1009.9,INV00124
DR00125,2023-11-08,RJ09GA8520,PLT-A1,NTPC MOUDA,T-23-09,1008.9,973.3,INV00125
DR00126,2023-11-17,RJ10GA9449,PLT-A1,NTPC MOUDA,T-23-09,1073.36,1043.4,INV00126
DR00127,2023-11-19,RJ01GA7040,PLT-T1,NTPC NORTH KARANPURA,T-23-13,2061.29,2016.7,INV00127
DR00128,2023-11-11,RJ16GA1912,PLT-T1,NTPC DARLIPALI,T-23-17,1006.28,984.4,INV00128
DR00129,2023-11-06,RJ06GA9343,PLT-T1,NTPC DARLIPALI,T-23-17,1139.43,1115.6,INV00129
DR00130,2023-11-24,RJ19GA6426,PLT-B2,NTPC LARA,T-23-21,1846.1,1808.3,INV00130
DR00131,2023-11-07,RJ02GA3670,PLT-T1,NTPC GADARWARA,T-23-24,997.99,977.1,INV00131
DR00132,2023-11-15,RJ16GA6354,PLT-T1,NTPC GADARWARA,T-23-24,994.15,972.9,INV00132
DR00133,2023-11-19,RJ11GA4392,PLT-B2,SURATGARH STPS,,924.15,900.4,INV00133
DR00134,2023-11-04,RJ14GA8324,PLT-B2,SURATGARH STPS,T-23-27,836.75,807.9,INV00134
DR00135,2023-11-22,RJ24GA2780,PLT-B2,JAIPUR BOTTLING,C-23-35,527.81,508.3,INV00135
DR00136,2023-11-05,RJ02GA1512,PLT-T1,NAGAUR CEMENT,C-23-31,640.5,616.7,INV00136
DR00137,2023-11-08,RJ10GA3808,PLT-A1,BHILWARA PAPER,,515.33,500.0,INV00137
DR00138,2023-12-02,RJ19GA5338,PLT-B2,NTPC SIPAT,T-23-01,973.39,948.6,INV00138
DR00139,2023-12-04,RJ24GA1966,PLT-B2,NTPC SIPAT,,1048.6,1018.1,INV00139
DR00140,2023-12-07,RJ23GA6193,PLT-B2,KOTA TEXTILE,C-23-42,631.62,608.3,INV00140
DR00141,2023-12-17,RJ25GA4696,PLT-B2,NTPC KORBA,T-23-05,1021.26,987.1,INV00141
DR00142,2023-12-19,RJ11GA5674,PLT-B2,NTPC KORBA,,1156.23,1121.2,INV00142
DR00143,2023-12-12,RJ19GA8456,PLT-A1,NTPC MOUDA,T-23-09,948.56,920.3,INV00143
DR00144,2023-12-05,RJ09GA6867,PLT-A1,NTPC MOUDA,T-23-09,1128.42,1096.4,INV00144
DR00145,2023-12-08,RJ27GA7958,PLT-T1,NTPC NORTH KARANPURA,T-23-13,1102.02,1072.2,INV00145
DR00146,2023-12-22,RJ22GA6794,PLT-T1,NTPC NORTH KARANPURA,,976.44,944.5,INV00146
DR00147,2023-12-10,RJ09GA2072,PLT-T1,NTPC DARLIPALI,T-23-17,1012.29,976.6,INV00147
DR00148,2023-12-26,RJ20GA3041,PLT-T1,NTPC DARLIPALI,T-23-17,1159.02,1123.4,INV00148
DR00149,2023-12-15,RJ08GA9494,PLT-B2,NTPC LARA,T-23-21,1846.99,1808.3,INV00149
DR00150,2023-12-19,RJ04GA1692,PLT-T1,NTPC GADARWARA,T-23-24,982.54,953.7,INV00150
DR00151,2023-12-12,RJ24GA1196,PLT-T1,NTPC GADARWARA,T-23-24,1025.75,996.3,INV00151
DR00152,2023-12-07,RJ27GA3462,PLT-B2,SURATGARH STPS,T-23-27,1743.3,1708.3,INV00152
DR00153,2023-12-08,RJ05GA9928,PLT-B2,JAIPUR BOTTLING,C-23-35,518.52,508.3,INV00153
DR00154,2023-12-20,RJ10GA6028,PLT-T1,NAGAUR CEMENT,C-23-31,635.02,616.7,INV00154
DR00155,2023-12-24,RJ13GA4100,PLT-A1,BHILWARA PAPER,C-23-39,510.21,500.0,INV00155
DR00156,2024-01-21,RJ10GA8147,PLT-B2,NTPC SIPAT,,1100.16,1064.8,INV00156
DR00157,2024-01-09,RJ16GA5202,PLT-B2,NTPC SIPAT,T-23-01,925.05,901.9,INV00157
DR00158,2024-01-07,RJ17GA6333,PLT-B2,KOTA TEXTILE,,626.44,608.3,INV00158
DR00159,2024-01-22,RJ24GA9904,PLT-B2,NTPC KORBA,T-23-05,1076.47,1050.3,INV00159
DR00160,2024-01-25,RJ08GA7063,PLT-B2,NTPC KORBA,T-23-05,1080.04,1058.0,INV00160
DR00161,2024-01-12,RJ15GA4954,PLT-A1,NTPC MOUDA,T-23-09,957.73,927.6,INV00161
DR00162,2024-01-06,RJ16GA1637,PLT-A1,NTPC MOUDA,T-23-09,1126.47,1089.1,INV00162
DR00163,2024-01-02,RJ19GA5037,PLT-T1,NTPC NORTH KARANPURA,T-23-13,1092.38,1059.5,INV00163
DR00164,2024-01-24,RJ02GA3333,PLT-T1,NTPC NORTH KARANPURA,T-23-13,979.2,957.2,INV00164
DR00165,2024-01-25,RJ07GA2218,PLT-T1,NTPC DARLIPALI,T-23-17,2164.84,2100.0,INV00165
DR00166,2024-01-16,RJ25GA9221,PLT-B2,NTPC LARA,T-23-21,1878.05,1808.3,INV00166
DR00167,2024-01-02,RJ11GA5695,PLT-T1,NTPC GADARWARA,T-23-24,918.75,895.4,INV00167
DR00168,2024-01-14,RJ19GA4994,PLT-T1,NTPC GADARWARA,T-23-24,1080.38,1054.6,INV00168
DR00169,2024-01-08,RJ03GA4154,PLT-B2,SURATGARH STPS,T-23-27,1762.91,1708.3,INV00169
DR00170,2024-01-11,RJ03GA9033,PLT-B2,JAIPUR BOTTLING,C-23-35,519.25,508.3,INV00170
DR00171,2024-01-06,RJ12GA2468,PLT-T1,NAGAUR CEMENT,C-23-31,640.93,616.7,INV00171
DR00172,2024-01-27,RJ24GA6475,PLT-A1,BHILWARA PAPER,C-23-39,510.18,500.0,INV00172
DR00173,2024-02-16,RJ02GA4021,PLT-B2,NTPC SIPAT,T-23-01,1027.27,990.9,INV00173
DR00174,2024-02-21,RJ11GA2496,PLT-B2,NTPC SIPAT,T-23-01,996.82,975.8,INV00174
DR00175,2024-02-07,RJ27GA1869,PLT-B2,KOTA TEXTILE,,627.95,608.3,INV00175
DR00176,2024-02-14,RJ10GA1403,PLT-B2,NTPC KORBA,T-23-05,983.64,963.0,INV00176
DR00177,2024-02-26,RJ08GA7481,PLT-B2,NTPC KORBA,T-23-05,1180.06,1145.3,INV00177
DR00178,2024-02-13,RJ20GA1338,PLT-A1,NTPC MOUDA,T-23-09,979.9,950.7,INV00178
DR00179,2024-02-12,RJ06GA9351,PLT-A1,NTPC MOUDA,T-23-09,1095.74,1066.0,INV00179
DR00180,2024-02-10,RJ10GA5574,PLT-T1,NTPC NORTH KARANPURA,T-23-13,959.26,923.1,INV00180
DR00181,2024-02-23,RJ25GA3126,PLT-T1,NTPC NORTH KARANPURA,T-23-13,1123.56,1093.6,INV00181
DR00182,2024-02-25,RJ26GA3774,PLT-T1,NTPC DARLIPALI,T-23-17,1119.17,1091.0,INV00182
DR00183,2024-02-14,RJ11GA5642,PLT-T1,NTPC DARLIPALI,T-23-17,1032.26,1009.0,INV00183
DR00184,2024-02-03,RJ08GA6646,PLT-B2,NTPC LARA,T-23-21,1857.3,1808.3,INV00184
DR00185,2024-02-03,RJ26GA5824,PLT-T1,NTPC GADARWARA,T-23-24,1997.32,1950.0,INV00185
DR00186,2024-02-12,RJ22GA7616,PLT-B2,SURATGARH STPS,T-23-27,1770.45,1708.3,INV00186
DR00187,2024-02-24,RJ25GA2589,PLT-B2,JAIPUR BOTTLING,,523.99,508.3,INV00187
DR00188,2024-02-19,RJ20GA8506,PLT-T1,NAGAUR CEMENT,C-23-31,629.83,616.7,INV00188
DR00189,2024-02-19,RJ26GA8540,PLT-A1,BHILWARA PAPER,,517.66,500.0,INV00189
DR00190,2024-03-02,RJ17GA7291,PLT-B2,NTPC SIPAT,T-23-01,1105.51,1070.1,INV00190
DR00191,2024-03-15,RJ24GA9645,PLT-B2,NTPC SIPAT,,925.51,896.6,INV00191
DR00192,2024-03-19,RJ16GA3173,PLT-B2,KOTA TEXTILE,C-23-42,628.08,608.3,INV00192
DR00193,2024-03-16,RJ22GA4163,PLT-B2,NTPC KORBA,T-23-05,1090.17,1054.5,INV00193
DR00194,2024-03-15,RJ02GA3981,PLT-B2,NTPC KORBA,T-23-05,1092.95,1053.8,INV00194
DR00195,2024-03-22,RJ19GA9278,PLT-A1,NTPC MOUDA,T-23-09,2062.59,2016.7,INV00195
DR00196,2024-03-18,RJ05GA1967,PLT-T1,NTPC NORTH KARANPURA,,2057.6,2016.7,INV00196
DR00197,2024-03-26,RJ26GA3629,PLT-T1,NTPC DARLIPALI,T-23-17,1093.6,1054.7,INV00197
DR00198,2024-03-26,RJ19GA7468,PLT-T1,NTPC DARLIPALI,T-23-17,1069.62,1045.3,INV00198
DR00199,2024-03-26,RJ16GA5150,PLT-B2,NTPC LARA,T-23-21,1864.2,1808.3,INV00199
DR00200,2024-03-03,RJ21GA2948,PLT-T1,NTPC GADARWARA,T-23-24,1997.05,1950.0,INV00200
DR00201,2024-03-06,RJ03GA7749,PLT-B2,SURATGARH STPS,T-23-27,959.39,932.0,INV00201
DR00202,2024-03-26,RJ01GA9799,PLT-B2,SURATGARH STPS,T-23-27,796.63,776.3,INV00202
DR00203,2024-03-12,RJ06GA7721,PLT-B2,JAIPUR BOTTLING,C-23-35,523.64,508.3,INV00203
DR00204,2024-03-10,RJ25GA2635,PLT-T1,NAGAUR CEMENT,C-23-31,630.89,616.7,INV00204
DR00205,2024-03-21,RJ17GA6435,PLT-A1,BHILWARA PAPER,,517.32,500.0,INV00205
DR00206,2024-04-24,RJ06GA6193,PLT-B2,JAIPUR BOTTLING,C-23-35,528.22,508.3,INV00206
DR00207,2024-04-02,RJ08GA3858,PLT-T1,NAGAUR CEMENT,C-23-31,638.06,616.7,INV00207
DR00208,2024-04-22,RJ19GA1709,PLT-A1,BHILWARA PAPER,C-23-39,515.81,500.0,INV00208
DR00209,2024-04-22,RJ12GA6504,PLT-A1,NTPC SIPAT,,1069.41,1031.7,INV00209
DR00210,2024-04-24,RJ12GA4515,PLT-A1,NTPC SIPAT,T-24-02,1162.81,1118.3,INV00210
DR00211,2024-04-07,RJ11GA1084,PLT-B2,KOTA TEXTILE,C-24-43,501.85,491.7,INV00211
DR00212,2024-04-11,RJ10GA5492,PLT-B2,NTPC KORBA,T-24-06,1135.24,1102.8,INV00212
DR00213,2024-04-06,RJ19GA5045,PLT-B2,NTPC KORBA,,944.19,913.9,INV00213
DR00214,2024-04-13,RJ11GA7389,PLT-T1,NTPC MOUDA,T-24-10,902.53,872.1,INV00214
DR00215,2024-04-17,RJ20GA2533,PLT-T1,NTPC MOUDA,T-24-10,1027.48,1002.9,INV00215
DR00216,2024-04-11,RJ24GA6381,PLT-A1,NTPC NORTH KARANPURA,T-24-14,961.51,937.9,INV00216
DR00217,2024-04-07,RJ12GA9188,PLT-A1,NTPC NORTH KARANPURA,T-24-14,932.02,903.8,INV00217
DR00218,2024-04-20,RJ23GA9010,PLT-A1,NTPC DARLIPALI,T-24-18,1091.4,1057.3,INV00218
DR00219,2024-04-21,RJ13GA9606,PLT-A1,NTPC DARLIPALI,T-24-18,917.72,884.4,INV00219
DR00220,2024-04-10,RJ04GA9390,PLT-B2,NTPC GADARWARA,T-24-25,1859.11,1791.7,INV00220
DR00221,2024-04-11,RJ19GA6901,PLT-T1,SURATGARH STPS,T-24-28,1813.0,1758.3,INV00221
DR00222,2024-05-21,RJ05GA5143,PLT-B2,JAIPUR BOTTLING,C-23-35,524.59,508.3,INV00222
DR00223,2024-05-09,RJ17GA6334,PLT-T1,NAGAUR CEMENT,C-23-31,639.53,616.7,INV00223
DR00224,2024-05-07,RJ04GA9706,PLT-A1,BHILWARA PAPER,C-23-39,511.63,500.0,INV00224
DR00225,2024-05-13,RJ11GA3205,PLT-A1,NTPC SIPAT,T-24-02,1063.43,1030.5,INV00225
DR00226,2024-05-23,RJ05GA3984,PLT-A1,NTPC SIPAT,T-24-02,1153.89,1119.5,INV00226
DR00227,2024-05-10,RJ23GA2833,PLT-B2,KOTA TEXTILE,C-24-43,504.18,491.7,INV00227
DR00228,2024-05-21,RJ23GA1518,PLT-B2,NTPC KORBA,T-24-06,1117.06,1081.3,INV00228
DR00229,2024-05-27,RJ03GA5163,PLT-B2,NTPC KORBA,,966.26,935.4,INV00229
DR00230,2024-05-15,RJ11GA8270,PLT-T1,NTPC MOUDA,T-24-10,990.33,956.7,INV00230
DR00231,2024-05-20,RJ21GA2492,PLT-T1,NTPC MOUDA,T-24-10,954.6,918.3,INV00231
DR00232,2024-05-02,RJ03GA7448,PLT-A1,NTPC NORTH KARANPURA,T-24-14,1895.38,1841.7,INV00232
DR00233,2024-05-24,RJ08GA7486,PLT-A1,NTPC DARLIPALI,T-24-18,2001.31,1941.7,INV00233
DR00234,2024-05-07,RJ25GA6500,PLT-B2,NTPC GADARWARA,T-24-25,841.99,815.3,INV00234
DR00235,2024-05-24,RJ27GA7021,PLT-B2,NTPC GADARWARA,T-24-25,996.41,976.4,INV00235
DR00236,2024-05-23,RJ04GA6663,PLT-T1,SURATGARH STPS,T-24-28,854.42,836.4,INV00236
DR00237,2024-05-07,RJ24GA8066,PLT-T1,SURATGARH STPS,T-24-28,943.36,921.9,INV00237
DR00238,2024-06-26,RJ16GA4155,PLT-A1,BHILWARA PAPER,C-23-39,511.0,500.0,INV00238
DR00239,2024-06-12,RJ21GA5325,PLT-A1,NTPC SIPAT,T-24-02,1207.79,1178.3,INV00239
DR00240,2024-06-22,RJ17GA2233,PLT-A1,NTPC SIPAT,T-24-02,1006.33,971.7,INV00240
DR00241,2024-06-13,RJ09GA6427,PLT-B2,KOTA TEXTILE,C-24-43,505.42,491.7,INV00241
DR00242,2024-06-02,RJ25GA5101,PLT-B2,NTPC KORBA,T-24-06,999.3,969.2,INV00242
DR00243,2024-06-23,RJ06GA1339,PLT-B2,NTPC KORBA,T-24-06,1076.45,1047.5,INV00243
DR00244,2024-06-16,RJ19GA1693,PLT-T1,NTPC MOUDA,T-24-10,1003.19,970.7,INV00244
DR00245,2024-06-04,RJ17GA8825,PLT-T1,NTPC MOUDA,T-24-10,932.1,904.3,INV00245
DR00246,2024-06-13,RJ20GA8049,PLT-A1,NTPC NORTH KARANPURA,T-24-14,998.7,976.0,INV00246
DR00247,2024-06-03,RJ03GA1667,PLT-A1,NTPC NORTH KARANPURA,,894.83,865.7,INV00247
DR00248,2024-06-18,RJ14GA4845,PLT-A1,NTPC DARLIPALI,T-24-18,985.09,961.2,INV00248
DR00249,2024-06-27,RJ14GA7606,PLT-A1,NTPC DARLIPALI,T-24-18,1014.1,980.5,INV00249
DR00250,2024-06-22,RJ16GA1144,PLT-B2,NTPC GADARWARA,T-24-25,1857.67,1791.7,INV00250
DR00251,2024-06-14,RJ03GA2973,PLT-T1,SURATGARH STPS,T-24-28,947.35,926.3,INV00251
DR00252,2024-06-06,RJ13GA1919,PLT-T1,SURATGARH STPS,T-24-28,856.73,832.0,INV00252
DR00253,2024-06-19,RJ10GA8889,PLT-T1,JAIPUR BOTTLING,,712.1,691.7,INV00253
DR00254,2024-06-17,RJ19GA3248,PLT-T1,NAGAUR CEMENT,C-24-32,478.33,466.7,INV00254
DR00255,2024-07-26,RJ01GA3331,PLT-A1,NTPC SIPAT,T-24-02,1168.58,1131.1,INV00255
DR00256,2024-07-13,RJ14GA9785,PLT-A1,NTPC SIPAT,T-24-02,1047.24,1018.9,INV00256
DR00257,2024-07-26,RJ21GA1800,PLT-B2,KOTA TEXTILE,C-24-43,505.3,491.7,INV00257
DR00258,2024-07-23,RJ23GA4971,PLT-B2,NTPC KORBA,T-24-06,929.23,908.8,INV00258
DR00259,2024-07-10,RJ20GA9477,PLT-B2,NTPC KORBA,,1131.35,1107.9,INV00259
DR00260,2024-07-16,RJ21GA3364,PLT-T1,NTPC MOUDA,T-24-10,1918.33,1875.0,INV00260
DR00261,2024-07-21,RJ18GA8110,PLT-A1,NTPC NORTH KARANPURA,T-24-14,1040.82,1009.7,INV00261
DR00262,2024-07-16,RJ14GA4665,PLT-A1,NTPC NORTH KARANPURA,T-24-14,862.85,832.0,INV00262
DR00263,2024-07-02,RJ23GA2587,PLT-A1,NTPC DARLIPALI,T-24-18,909.76,884.8,INV00263
DR00264,2024-07-11,RJ12GA2645,PLT-A1,NTPC DARLIPALI,T-24-18,1095.56,1056.9,INV00264
DR00265,2024-07-21,RJ22GA5201,PLT-B2,NTPC GADARWARA,T-24-25,1854.86,1791.7,INV00265
DR00266,2024-07-07,RJ24GA9947,PLT-T1,SURATGARH STPS,T-24-28,912.54,883.1,INV00266
DR00267,2024-07-20,RJ25GA8313,PLT-T1,SURATGARH STPS,T-24-28,895.84,875.2,INV00267
DR00268,2024-07-05,RJ10GA8888,PLT-T1,JAIPUR BOTTLING,C-24-36,708.66,691.7,INV00268
DR00269,2024-07-18,RJ03GA2440,PLT-T1,NAGAUR CEMENT,C-24-32,482.06,466.7,INV00269
DR00270,2024-07-04,RJ26GA6112,PLT-B2,BHILWARA PAPER,,698.54,675.0,INV00270
DR00271,2024-08-17,RJ08GA3227,PLT-A1,NTPC SIPAT,T-24-02,1134.22,1099.7,INV00271
DR00272,2024-08-15,RJ15GA4218,PLT-A1,NTPC SIPAT,T-24-02,1089.2,1050.3,INV00272
DR00273,2024-08-05,RJ15GA7409,PLT-B2,KOTA TEXTILE,C-24-43,510.91,491.7,INV00273
DR00274,2024-08-24,RJ25GA3843,PLT-B2,NTPC KORBA,T-24-06,1025.84,998.3,INV00274
DR00275,2024-08-07,RJ16GA3092,PLT-B2,NTPC KORBA,T-24-06,1048.75,1018.4,INV00275
DR00276,2024-08-04,RJ10GA9639,PLT-T1,NTPC MOUDA,T-24-10,1919.78,1875.0,INV00276
DR00277,2024-08-11,RJ13GA9878,PLT-A1,NTPC NORTH KARANPURA,T-24-14,933.42,907.4,INV00277
DR00278,2024-08-20,RJ13GA2783,PLT-A1,NTPC NORTH KARANPURA,T-24-14,953.31,934.3,INV00278
DR00279,2024-08-20,RJ19GA5463,PLT-A1,NTPC DARLIPALI,T-24-18,916.91,891.2,INV00279
DR00280,2024-08-20,RJ11GA8103,PLT-A1,NTPC DARLIPALI,,1077.97,1050.5,INV00280
DR00281,2024-08-17,RJ09GA7674,PLT-B2,NTPC GADARWARA,T-24-25,924.92,889.7,INV00281
DR00282,2024-08-22,RJ13GA3867,PLT-B2,NTPC GADARWARA,T-24-25,926.96,902.0,INV00282
DR00283,2024-08-09,RJ19GA4620,PLT-T1,SURATGARH STPS,T-24-28,928.29,895.3,INV00283
DR00284,2024-08-20,RJ06GA7765,PLT-T1,SURATGARH STPS,T-24-28,888.65,863.0,INV00284
DR00285,2024-08-05,RJ07GA2715,PLT-T1,JAIPUR BOTTLING,C-24-36,717.01,691.7,INV00285
DR00286,2024-08-19,RJ04GA6089,PLT-T1,NAGAUR CEMENT,C-24-32,477.85,466.7,INV00286
DR00287,2024-08-17,RJ03GA2711,PLT-B2,BHILWARA PAPER,C-24-40,701.33,675.0,INV00287
DR00288,2024-09-24,RJ24GA8235,PLT-A1,NTPC SIPAT,T-24-02,1134.56,1111.9,INV00288
DR00289,2024-09-22,RJ04GA3921,PLT-A1,NTPC SIPAT,T-24-02,1076.81,1038.1,INV00289
DR00290,2024-09-26,RJ08GA3538,PLT-B2,KOTA TEXTILE,C-24-43,506.5,491.7,INV00290
DR00291,2024-09-19,RJ11GA3978,PLT-B2,NTPC KORBA,T-24-06,1140.61,1101.0,INV00291
DR00292,2024-09-09,RJ12GA8832,PLT-B2,NTPC KORBA,T-24-06,946.49,915.7,INV00292
DR00293,2024-09-18,RJ14GA4432,PLT-T1,NTPC MOUDA,T-24-10,920.14,887.2,INV00293
DR00294,2024-09-12,RJ17GA3216,PLT-T1,NTPC MOUDA,,1010.42,987.8,INV00294
DR00295,2024-09-02,RJ22GA8592,PLT-A1,NTPC NORTH KARANPURA,T-24-14,913.92,879.3,INV00295
DR00296,2024-09-14,RJ04GA3405,PLT-A1,NTPC NORTH KARANPURA,T-24-14,990.48,962.4,INV00296
DR00297,2024-09-17,RJ21GA8783,PLT-A1,NTPC DARLIPALI,T-24-18,2002.64,1941.7,INV00297
DR00298,2024-09-07,RJ24GA9003,PLT-B2,NTPC GADARWARA,T-24-25,1853.01,1791.7,INV00298
DR00299,2024-09-03,RJ25GA1143,PLT-T1,SURATGARH STPS,T-24-28,1797.98,1758.3,INV00299
DR00300,2024-09-20,RJ11GA3857,PLT-T1,JAIPUR BOTTLING,C-24-36,707.84,691.7,INV00300
DR00301,2024-09-18,RJ24GA2568,PLT-T1,NAGAUR CEMENT,C-24-32,482.4,466.7,INV00301
DR00302,2024-09-24,RJ25GA1689,PLT-B2,BHILWARA PAPER,C-24-40,692.82,675.0,INV00302
DR00303,2024-10-22,RJ07GA5862,PLT-A1,NTPC SIPAT,T-24-02,1103.05,1079.5,INV00303
DR00304,2024-10-11,RJ12GA3770,PLT-A1,NTPC SIPAT,T-24-02,1099.97,1070.5,INV00304
DR00305,2024-10-20,RJ01GA4984,PLT-B2,KOTA TEXTILE,C-24-43,503.85,491.7,INV00305
DR00306,2024-10-14,RJ13GA9385,PLT-B2,NTPC KORBA,T-24-06,1027.87,989.0,INV00306
DR00307,2024-10-20,RJ23GA9676,PLT-B2,NTPC KORBA,T-24-06,1057.3,1027.7,INV00307
DR00308,2024-10-10,RJ11GA2034,PLT-T1,NTPC MOUDA,T-24-10,1943.37,1875.0,INV00308
DR00309,2024-10-07,RJ02GA2578,PLT-A1,NTPC NORTH KARANPURA,T-24-14,1899.35,1841.7,INV00309
DR00310,2024-10-02,RJ09GA8702,PLT-A1,NTPC DARLIPALI,T-24-18,2012.36,1941.7,INV00310
DR00311,2024-10-20,RJ06GA2718,PLT-B2,NTPC GADARWARA,T-24-25,1856.79,1791.7,INV00311
DR00312,2024-10-21,RJ24GA2966,PLT-T1,SURATGARH STPS,T-24-28,882.0,849.6,INV00312
DR00313,2024-10-17,RJ10GA8811,PLT-T1,SURATGARH STPS,T-24-28,929.53,908.7,INV00313
DR00314,2024-10-23,RJ10GA1590,PLT-T1,JAIPUR BOTTLING,C-24-36,706.02,691.7,INV00314
DR00315,2024-10-14,RJ06GA2450,PLT-T1,NAGAUR CEMENT,,484.36,466.7,INV00315
DR00316,2024-10-06,RJ25GA8037,PLT-B2,BHILWARA PAPER,C-24-40,689.33,675.0,INV00316
DR00317,2024-11-11,RJ07GA8308,PLT-A1,NTPC SIPAT,T-24-02,1099.59,1072.8,INV00317
DR00318,2024-11-20,RJ05GA4538,PLT-A1,NTPC SIPAT,T-24-02,1118.34,1077.2,INV00318
DR00319,2024-11-24,RJ13GA2850,PLT-B2,KOTA TEXTILE,C-24-43,507.21,491.7,INV00319
DR00320,2024-11-13,RJ21GA4533,PLT-B2,NTPC KORBA,T-24-06,1052.21,1014.8,INV00320
DR00321,2024-11-25,RJ22GA1489,PLT-B2,NTPC KORBA,T-24-06,1030.55,1001.9,INV00321
DR00322,2024-11-06,RJ27GA4556,PLT-T1,NTPC MOUDA,T-24-10,1043.45,1014.1,INV00322
DR00323,2024-11-14,RJ27GA8403,PLT-T1,NTPC MOUDA,,893.65,860.9,INV00323
DR00324,2024-11-17,RJ15GA8197,PLT-A1,NTPC NORTH KARANPURA,T-24-14,1893.16,1841.7,INV00324
DR00325,2024-11-15,RJ21GA6268,PLT-A1,NTPC DARLIPALI,T-24-18,987.49,961.1,INV00325
DR00326,2024-11-26,RJ22GA6366,PLT-A1,NTPC DARLIPALI,T-24-18,1015.13,980.6,INV00326
DR00327,2024-11-08,RJ22GA2306,PLT-B2,NTPC GADARWARA,T-24-25,892.53,861.1,INV00327
DR00328,2024-11-24,RJ17GA7703,PLT-B2,NTPC GADARWARA,T-24-25,965.66,930.6,INV00328
DR00329,2024-11-12,RJ19GA6599,PLT-T1,SURATGARH STPS,T-24-28,1820.88,1758.3,INV00329
DR00330,2024-11-15,RJ04GA5763,PLT-T1,JAIPUR BOTTLING,C-24-36,708.97,691.7,INV00330
DR00331,2024-11-03,RJ16GA3657,PLT-T1,NAGAUR CEMENT,,481.26,466.7,INV00331
DR00332,2024-11-06,RJ08GA9503,PLT-B2,BHILWARA PAPER,C-24-40,697.61,675.0,INV00332
DR00333,2024-12-23,RJ10GA2712,PLT-A1,NTPC SIPAT,T-24-02,1165.86,1137.1,INV00333
DR00334,2024-12-07,RJ20GA4258,PLT-A1,NTPC SIPAT,T-24-02,1048.09,1012.9,INV00334
DR00335,2024-12-20,RJ23GA2852,PLT-B2,KOTA TEXTILE,C-24-43,506.37,491.7,INV00335
DR00336,2024-12-06,RJ01GA6398,PLT-B2,NTPC KORBA,T-24-06,936.67,914.6,INV00336
DR00337,2024-12-27,RJ20GA6741,PLT-B2,NTPC KORBA,T-24-06,1124.3,1102.1,INV00337
DR00338,2024-12-25,RJ14GA8286,PLT-T1,NTPC MOUDA,T-24-10,891.44,858.4,INV00338
DR00339,2024-12-16,RJ03GA5941,PLT-T1,NTPC MOUDA,T-24-10,1056.44,1016.6,INV00339
DR00340,2024-12-09,RJ08GA3951,PLT-A1,NTPC NORTH KARANPURA,T-24-14,1896.69,1841.7,INV00340
DR00341,2024-12-03,RJ10GA7923,PLT-A1,NTPC DARLIPALI,T-24-18,974.39,950.4,INV00341
DR00342,2024-12-04,RJ25GA8349,PLT-A1,NTPC DARLIPALI,T-24-18,1021.15,991.3,INV00342
DR00343,2024-12-13,RJ11GA5260,PLT-B2,NTPC GADARWARA,T-24-25,1845.42,1791.7,INV00343
DR00344,2024-12-17,RJ01GA7732,PLT-T1,SURATGARH STPS,T-24-28,1824.05,1758.3,INV00344
DR00345,2024-12-08,RJ05GA4484,PLT-T1,JAIPUR BOTTLING,C-24-36,714.49,691.7,INV00345
DR00346,2024-12-22,RJ03GA9389,PLT-T1,NAGAUR CEMENT,C-24-32,479.49,466.7,INV00346
DR00347,2024-12-21,RJ12GA5416,PLT-B2,BHILWARA PAPER,C-24-40,694.0,675.0,INV00347
DR00348,2025-01-26,RJ13GA5850,PLT-A1,NTPC SIPAT,T-24-02,1121.74,1097.8,INV00348
DR00349,2025-01-27,RJ06GA9081,PLT-A1,NTPC SIPAT,T-24-02,1091.01,1052.2,INV00349
DR00350,2025-01-02,RJ08GA9124,PLT-B2,KOTA TEXTILE,C-24-43,508.86,491.7,INV00350
DR00351,2025-01-10,RJ15GA2862,PLT-B2,NTPC KORBA,T-24-06,976.22,946.4,INV00351
DR00352,2025-01-15,RJ24GA4138,PLT-B2,NTPC KORBA,T-24-06,1106.17,1070.3,INV00352
DR00353,2025-01-06,RJ04GA6417,PLT-T1,NTPC MOUDA,T-24-10,934.25,909.7,INV00353
DR00354,2025-01-07,RJ09GA7951,PLT-T1,NTPC MOUDA,T-24-10,993.62,965.3,INV00354
DR00355,2025-01-06,RJ20GA4212,PLT-A1,NTPC NORTH KARANPURA,T-24-14,1895.27,1841.7,INV00355
DR00356,2025-01-09,RJ12GA9953,PLT-A1,NTPC DARLIPALI,T-24-18,938.17,903.4,INV00356
DR00357,2025-01-07,RJ13GA9515,PLT-A1,NTPC DARLIPALI,T-24-18,1075.52,1038.3,INV00357
DR00358,2025-01-07,RJ19GA8941,PLT-B2,NTPC GADARWARA,T-24-25,1842.99,1791.7,INV00358
DR00359,2025-01-24,RJ27GA4941,PLT-T1,SURATGARH STPS,T-24-28,1820.76,1758.3,INV00359
DR00360,2025-01-05,RJ11GA3318,PLT-T1,JAIPUR BOTTLING,C-24-36,712.71,691.7,INV00360
DR00361,2025-01-10,RJ27GA7971,PLT-T1,NAGAUR CEMENT,,479.95,466.7,INV00361
DR00362,2025-01-11,RJ01GA4086,PLT-B2,BHILWARA PAPER,C-24-40,692.43,675.0,INV00362
DR00363,2025-02-08,RJ12GA1300,PLT-A1,NTPC SIPAT,T-24-02,1044.37,1005.3,INV00363
DR00364,2025-02-23,RJ13GA1152,PLT-A1,NTPC SIPAT,T-24-02,1184.14,1144.7,INV00364
DR00365,2025-02-04,RJ10GA3356,PLT-B2,KOTA TEXTILE,C-24-43,508.27,491.7,INV00365
DR00366,2025-02-22,RJ08GA8162,PLT-B2,NTPC KORBA,T-24-06,1015.55,979.5,INV00366
DR00367,2025-02-20,RJ11GA7458,PLT-B2,NTPC KORBA,T-24-06,1073.38,1037.2,INV00367
DR00368,2025-02-02,RJ20GA9854,PLT-T1,NTPC MOUDA,T-24-10,882.32,858.9,INV00368
DR00369,2025-02-08,RJ12GA5496,PLT-T1,NTPC MOUDA,T-24-10,1048.33,1016.1,INV00369
DR00370,2025-02-06,RJ15GA6799,PLT-A1,NTPC NORTH KARANPURA,T-24-14,1897.56,1841.7,INV00370
DR00371,2025-02-17,RJ02GA4627,PLT-A1,NTPC DARLIPALI,T-24-18,898.1,874.0,INV00371
DR00372,2025-02-27,RJ03GA1877,PLT-A1,NTPC DARLIPALI,T-24-18,1090.79,1067.7,INV00372
DR00373,2025-02-08,RJ11GA7123,PLT-B2,NTPC GADARWARA,T-24-25,1829.59,1791.7,INV00373
DR00374,2025-02-26,RJ17GA4556,PLT-T1,SURATGARH STPS,T-24-28,1795.37,1758.3,INV00374
DR00375,2025-02-18,RJ16GA9897,PLT-T1,JAIPUR BOTTLING,C-24-36,705.58,691.7,INV00375
DR00376,2025-02-21,RJ14GA7289,PLT-T1,NAGAUR CEMENT,C-24-32,484.26,466.7,INV00376
DR00377,2025-02-12,RJ27GA9038,PLT-B2,BHILWARA PAPER,C-24-40,692.32,675.0,INV00377
DR00378,2025-03-25,RJ12GA2442,PLT-A1,NTPC SIPAT,T-24-02,1004.25,968.8,INV00378
DR00379,2025-03-05,RJ20GA7196,PLT-A1,NTPC SIPAT,,1209.08,1181.2,INV00379
DR00380,2025-03-16,RJ15GA1043,PLT-B2,KOTA TEXTILE,C-24-43,508.28,491.7,INV00380
DR00381,2025-03-21,RJ01GA5848,PLT-B2,NTPC KORBA,T-24-06,2061.89,2016.7,INV00381
DR00382,2025-03-05,RJ24GA1943,PLT-T1,NTPC MOUDA,T-24-10,960.38,935.5,INV00382
DR00383,2025-03-08,RJ25GA6005,PLT-T1,NTPC MOUDA,,975.72,939.5,INV00383
DR00384,2025-03-26,RJ14GA3931,PLT-A1,NTPC NORTH KARANPURA,T-24-14,1884.27,1841.7,INV00384
DR00385,2025-03-14,RJ05GA3202,PLT-A1,NTPC DARLIPALI,T-24-18,1996.95,1941.7,INV00385
DR00386,2025-03-20,RJ15GA6962,PLT-B2,NTPC GADARWARA,T-24-25,842.54,822.0,INV00386
DR00387,2025-03-22,RJ15GA3999,PLT-B2,NTPC GADARWARA,T-24-25,997.33,969.7,INV00387
DR00388,2025-03-26,RJ08GA7038,PLT-T1,SURATGARH STPS,T-24-28,936.52,906.7,INV00388
DR00389,2025-03-12,RJ16GA7334,PLT-T1,SURATGARH STPS,T-24-28,885.32,851.6,INV00389
DR00390,2025-03-25,RJ18GA3175,PLT-T1,JAIPUR BOTTLING,C-24-36,712.22,691.7,INV00390
DR00391,2025-03-19,RJ15GA9534,PLT-T1,NAGAUR CEMENT,C-24-32,478.33,466.7,INV00391
DR00392,2025-03-11,RJ12GA7498,PLT-B2,BHILWARA PAPER,C-24-40,699.41,675.0,INV00392
DR00393,2025-04-18,RJ01GA3761,PLT-T1,JAIPUR BOTTLING,C-24-36,710.66,691.7,INV00393
DR00394,2025-04-22,RJ16GA2001,PLT-T1,NAGAUR CEMENT,C-24-32,485.35,466.7,INV00394
DR00395,2025-04-03,RJ10GA6410,PLT-B2,BHILWARA PAPER,C-24-40,701.49,675.0,INV00395
DR00396,2025-04-27,RJ21GA8317,PLT-A1,NTPC SIPAT,T-25-03,2038.62,1966.7,INV00396
DR00397,2025-04-11,RJ14GA4459,PLT-T1,KOTA TEXTILE,C-25-44,770.63,741.7,INV00397
DR00398,2025-04-11,RJ17GA5302,PLT-A1,NTPC KORBA,T-25-07,971.4,949.0,INV00398
DR00399,2025-04-08,RJ04GA4392,PLT-A1,NTPC KORBA,,922.7,901.0,INV00399
DR00400,2025-04-24,RJ09GA6764,PLT-A1,NTPC MOUDA,T-25-11,1019.24,981.2,INV00400
DR00401,2025-04-08,RJ11GA8264,PLT-A1,NTPC MOUDA,T-25-11,934.66,910.5,INV00401
DR00402,2025-04-23,RJ05GA1816,PLT-B2,NTPC NORTH KARANPURA,T-25-15,2052.76,1983.3,INV00402
DR00403,2025-04-11,RJ06GA7200,PLT-T1,NTPC DARLIPALI,T-25-19,1066.64,1036.3,INV00403
DR00404,2025-04-22,RJ26GA6478,PLT-T1,NTPC DARLIPALI,T-25-19,1165.22,1138.7,INV00404
DR00405,2025-04-26,RJ08GA3053,PLT-B2,NTPC LARA,T-25-22,1874.2,1825.0,INV00405
DR00406,2025-04-19,RJ02GA1785,PLT-T1,NTPC GADARWARA,T-25-26,1064.2,1031.5,INV00406
DR00407,2025-04-07,RJ02GA3425,PLT-T1,NTPC GADARWARA,T-25-26,1239.23,1193.5,INV00407
DR00408,2025-04-20,RJ05GA1949,PLT-B2,SURATGARH STPS,T-25-29,1061.72,1027.6,INV00408
DR00409,2025-04-27,RJ24GA7862,PLT-B2,SURATGARH STPS,T-25-29,1023.97,989.1,INV00409
DR00410,2025-05-02,RJ26GA5468,PLT-T1,JAIPUR BOTTLING,,718.93,691.7,INV00410
DR00411,2025-05-06,RJ11GA8826,PLT-T1,NAGAUR CEMENT,C-24-32,478.63,466.7,INV00411
DR00412,2025-05-04,RJ25GA7214,PLT-B2,BHILWARA PAPER,C-24-40,700.33,675.0,INV00412
DR00413,2025-05-09,RJ26GA7079,PLT-A1,NTPC SIPAT,,2014.05,1966.7,INV00413
DR00414,2025-05-06,RJ18GA5128,PLT-T1,KOTA TEXTILE,C-25-44,766.15,741.7,INV00414
DR00415,2025-05-14,RJ02GA9062,PLT-A1,NTPC KORBA,T-25-07,1890.86,1850.0,INV00415
DR00416,2025-05-14,RJ06GA1269,PLT-A1,NTPC MOUDA,T-25-11,1022.92,996.7,INV00416
DR00417,2025-05-23,RJ05GA6924,PLT-A1,NTPC MOUDA,T-25-11,929.14,895.0,INV00417
DR00418,2025-05-23,RJ23GA7276,PLT-B2,NTPC NORTH KARANPURA,T-25-15,924.68,903.9,INV00418
DR00419,2025-05-22,RJ19GA4924,PLT-B2,NTPC NORTH KARANPURA,,1114.66,1079.4,INV00419
DR00420,2025-05-07,RJ27GA7292,PLT-T1,NTPC DARLIPALI,T-25-19,1158.45,1127.7,INV00420
DR00421,2025-05-19,RJ12GA3387,PLT-T1,NTPC DARLIPALI,T-25-19,1072.98,1047.3,INV00421
DR00422,2025-05-17,RJ27GA6915,PLT-B2,NTPC LARA,T-25-22,1890.53,1825.0,INV00422
DR00423,2025-05-19,RJ05GA4954,PLT-T1,NTPC GADARWARA,T-25-26,1249.67,1222.9,INV00423
DR00424,2025-05-20,RJ09GA5242,PLT-T1,NTPC GADARWARA,T-25-26,1034.61,1002.1,INV00424
DR00425,2025-05-06,RJ12GA7719,PLT-B2,SURATGARH STPS,T-25-29,1050.89,1012.0,INV00425
DR00426,2025-05-14,RJ20GA9215,PLT-B2,SURATGARH STPS,T-25-29,1028.03,1004.7,INV00426
DR00427,2025-06-19,RJ09GA3015,PLT-B2,BHILWARA PAPER,C-24-40,689.51,675.0,INV00427
DR00428,2025-06-26,RJ06GA7474,PLT-A1,NTPC SIPAT,T-25-03,2041.87,1966.7,INV00428
DR00429,2025-06-10,RJ17GA3232,PLT-T1,KOTA TEXTILE,C-25-44,759.17,741.7,INV00429
DR00430,2025-06-10,RJ11GA5914,PLT-A1,NTPC KORBA,T-25-07,987.18,955.4,INV00430
DR00431,2025-06-12,RJ10GA2078,PLT-A1,NTPC KORBA,T-25-07,912.95,894.6,INV00431
DR00432,2025-06-19,RJ06GA5644,PLT-A1,NTPC MOUDA,T-25-11,1032.46,1007.6,INV00432
DR00433,2025-06-15,RJ15GA7215,PLT-A1,NTPC MOUDA,T-25-11,910.32,884.1,INV00433
DR00434,2025-06-13,RJ15GA3831,PLT-B2,NTPC NORTH KARANPURA,T-25-15,2024.73,1983.3,INV00434
DR00435,2025-06-25,RJ08GA8285,PLT-T1,NTPC DARLIPALI,T-25-19,1187.4,1155.2,INV00435
DR00436,2025-06-17,RJ26GA6528,PLT-T1,NTPC DARLIPALI,,1040.57,1019.8,INV00436
DR00437,2025-06-06,RJ10GA9438,PLT-B2,NTPC LARA,T-25-22,1886.2,1825.0,INV00437
DR00438,2025-06-02,RJ22GA2530,PLT-T1,NTPC GADARWARA,T-25-26,1197.56,1173.8,INV00438
DR00439,2025-06-14,RJ06GA3750,PLT-T1,NTPC GADARWARA,T-25-26,1091.56,1051.2,INV00439
DR00440,2025-06-22,RJ25GA3270,PLT-B2,SURATGARH STPS,T-25-29,1075.63,1039.4,INV00440
DR00441,2025-06-23,RJ14GA4148,PLT-B2,SURATGARH STPS,T-25-29,997.4,977.3,INV00441
DR00442,2025-06-14,RJ11GA5197,PLT-T1,JAIPUR BOTTLING,C-25-37,619.53,600.0,INV00442
DR00443,2025-06-16,RJ25GA9905,PLT-T1,NAGAUR CEMENT,C-25-33,734.03,708.3,INV00443
DR00444,2025-07-05,RJ09GA8860,PLT-A1,NTPC SIPAT,T-25-03,2026.9,1966.7,INV00444
DR00445,2025-07-26,RJ23GA6580,PLT-T1,KOTA TEXTILE,C-25-44,767.9,741.7,INV00445
DR00446,2025-07-06,RJ03GA9717,PLT-A1,NTPC KORBA,T-25-07,1902.1,1850.0,INV00446
DR00447,2025-07-21,RJ06GA7102,PLT-A1,NTPC MOUDA,T-25-11,948.56,913.3,INV00447
DR00448,2025-07-23,RJ18GA5676,PLT-A1,NTPC MOUDA,T-25-11,1006.4,978.4,INV00448
DR00449,2025-07-11,RJ05GA6035,PLT-B2,NTPC NORTH KARANPURA,,934.92,914.4,INV00449
DR00450,2025-07-02,RJ01GA8469,PLT-B2,NTPC NORTH KARANPURA,T-25-15,1106.48,1068.9,INV00450
DR00451,2025-07-15,RJ02GA5436,PLT-T1,NTPC DARLIPALI,T-25-19,1104.19,1063.4,INV00451
DR00452,2025-07-19,RJ11GA6359,PLT-T1,NTPC DARLIPALI,T-25-19,1134.96,1111.6,INV00452
DR00453,2025-07-19,RJ15GA9006,PLT-B2,NTPC LARA,T-25-22,896.54,877.0,INV00453
DR00454,2025-07-08,RJ22GA5575,PLT-B2,NTPC LARA,,974.66,948.0,INV00454
DR00455,2025-07-05,RJ06GA4298,PLT-T1,NTPC GADARWARA,T-25-26,1230.26,1191.3,INV00455
DR00456,2025-07-21,RJ27GA7868,PLT-T1,NTPC GADARWARA,T-25-26,1058.47,1033.7,INV00456
DR00457,2025-07-10,RJ10GA8952,PLT-B2,SURATGARH STPS,T-25-29,1030.9,994.5,INV00457
DR00458,2025-07-11,RJ07GA9538,PLT-B2,SURATGARH STPS,T-25-29,1045.25,1022.2,INV00458
DR00459,2025-07-20,RJ18GA5572,PLT-T1,JAIPUR BOTTLING,C-25-37,613.87,600.0,INV00459
DR00460,2025-07-05,RJ13GA9541,PLT-T1,NAGAUR CEMENT,C-25-33,726.84,708.3,INV00460
DR00461,2025-08-12,RJ19GA5828,PLT-A1,NTPC SIPAT,T-25-03,2030.76,1966.7,INV00461
DR00462,2025-08-03,RJ01GA1868,PLT-T1,KOTA TEXTILE,C-25-44,763.41,741.7,INV00462
DR00463,2025-08-24,RJ09GA7425,PLT-A1,NTPC KORBA,T-25-07,1907.3,1850.0,INV00463
DR00464,2025-08-15,RJ25GA8747,PLT-A1,NTPC MOUDA,T-25-11,894.51,867.7,INV00464
DR00465,2025-08-08,RJ25GA1288,PLT-A1,NTPC MOUDA,T-25-11,1048.6,1024.0,INV00465
DR00466,2025-08-04,RJ09GA4064,PLT-B2,NTPC NORTH KARANPURA,T-25-15,2052.23,1983.3,INV00466
DR00467,2025-08-05,RJ18GA7788,PLT-T1,NTPC DARLIPALI,T-25-19,1064.41,1033.4,INV00467
DR00468,2025-08-03,RJ10GA6712,PLT-T1,NTPC DARLIPALI,T-25-19,1178.94,1141.6,INV00468
DR00469,2025-08-09,RJ10GA2154,PLT-B2,NTPC LARA,,1867.47,1825.0,INV00469
DR00470,2025-08-03,RJ17GA3062,PLT-T1,NTPC GADARWARA,T-25-26,1109.61,1085.7,INV00470
DR00471,2025-08-13,RJ08GA9170,PLT-T1,NTPC GADARWARA,T-25-26,1184.35,1139.3,INV00471
DR00472,2025-08-15,RJ14GA1297,PLT-B2,SURATGARH STPS,,1005.99,970.1,INV00472
DR00473,2025-08-08,RJ09GA9420,PLT-B2,SURATGARH STPS,T-25-29,1074.14,1046.6,INV00473
DR00474,2025-08-16,RJ27GA4957,PLT-T1,JAIPUR BOTTLING,C-25-37,618.19,600.0,INV00474
DR00475,2025-08-18,RJ25GA3165,PLT-T1,NAGAUR CEMENT,C-25-33,727.3,708.3,INV00475
DR00476,2025-09-25,RJ07GA6192,PLT-A1,NTPC SIPAT,T-25-03,1052.95,1026.0,INV00476
DR00477,2025-09-06,RJ12GA7828,PLT-A1,NTPC SIPAT,,976.75,940.7,INV00477
DR00478,2025-09-14,RJ11GA2593,PLT-T1,KOTA TEXTILE,C-25-44,770.75,741.7,INV00478
DR00479,2025-09-10,RJ18GA5299,PLT-A1,NTPC KORBA,T-25-07,898.02,872.0,INV00479
DR00480,2025-09-25,RJ15GA5726,PLT-A1,NTPC KORBA,T-25-07,1008.49,978.0,INV00480
DR00481,2025-09-04,RJ16GA5151,PLT-A1,NTPC MOUDA,T-25-11,1943.17,1891.7,INV00481
DR00482,2025-09-17,RJ10GA8795,PLT-B2,NTPC NORTH KARANPURA,T-25-15,1088.82,1062.0,INV00482
DR00483,2025-09-05,RJ14GA8233,PLT-B2,NTPC NORTH KARANPURA,T-25-15,945.89,921.3,INV00483
DR00484,2025-09-18,RJ27GA2059,PLT-T1,NTPC DARLIPALI,T-25-19,1230.18,1195.8,INV00484
DR00485,2025-09-17,RJ24GA8426,PLT-T1,NTPC DARLIPALI,T-25-19,1002.32,979.2,INV00485
DR00486,2025-09-08,RJ18GA4037,PLT-B2,NTPC LARA,T-25-22,1895.55,1825.0,INV00486
DR00487,2025-09-26,RJ23GA1102,PLT-T1,NTPC GADARWARA,T-25-26,1168.84,1143.6,INV00487
DR00488,2025-09-17,RJ08GA3434,PLT-T1,NTPC GADARWARA,T-25-26,1124.02,1081.4,INV00488
DR00489,2025-09-27,RJ05GA6051,PLT-B2,SURATGARH STPS,T-25-29,969.15,948.3,INV00489
DR00490,2025-09-16,RJ17GA5044,PLT-B2,SURATGARH STPS,,1105.19,1068.4,INV00490
DR00491,2025-09-10,RJ22GA3752,PLT-T1,JAIPUR BOTTLING,C-25-37,613.13,600.0,INV00491
DR00492,2025-09-21,RJ08GA6040,PLT-T1,NAGAUR CEMENT,C-25-33,723.12,708.3,INV00492
DR00493,2025-10-24,RJ03GA4344,PLT-A1,NTPC SIPAT,T-25-03,962.65,938.1,INV00493
DR00494,2025-10-10,RJ01GA4735,PLT-A1,NTPC SIPAT,T-25-03,1060.99,1028.6,INV00494
DR00495,2025-10-13,RJ14GA6034,PLT-T1,KOTA TEXTILE,C-25-44,770.08,741.7,INV00495
DR00496,2025-10-17,RJ25GA3555,PLT-A1,NTPC KORBA,T-25-07,981.93,959.2,INV00496
DR00497,2025-10-17,RJ02GA7174,PLT-A1,NTPC KORBA,T-25-07,920.52,890.8,INV00497
DR00498,2025-10-23,RJ17GA7902,PLT-A1,NTPC MOUDA,T-25-11,1030.94,1009.9,INV00498
DR00499,2025-10-18,RJ17GA6808,PLT-A1,NTPC MOUDA,T-25-11,905.18,881.8,INV00499
DR00500,2025-10-05,RJ25GA1088,PLT-B2,NTPC NORTH KARANPURA,T-25-15,998.96,976.5,INV00500
DR00501,2025-10-26,RJ11GA8677,PLT-B2,NTPC NORTH KARANPURA,T-25-15,1028.93,1006.8,INV00501
DR00502,2025-10-15,RJ04GA6400,PLT-T1,NTPC DARLIPALI,T-25-19,1040.95,1014.3,INV00502
DR00503,2025-10-15,RJ16GA5070,PLT-T1,NTPC DARLIPALI,T-25-19,1207.0,1160.7,INV00503
DR00504,2025-10-14,RJ27GA1597,PLT-B2,NTPC LARA,T-25-22,1894.1,1825.0,
DR00505,2025-10-03,RJ17GA4998,PLT-T1,NTPC GADARWARA,T-25-26,1031.97,1010.7,INV00505
DR00506,2025-10-10,RJ20GA5919,PLT-T1,NTPC GADARWARA,T-25-26,1243.38,1214.3,INV00506
DR00507,2025-10-27,RJ02GA8191,PLT-B2,SURATGARH STPS,T-25-29,2059.44,2016.7,
DR00508,2025-10-22,RJ27GA8374,PLT-T1,JAIPUR BOTTLING,C-25-37,618.0,600.0,INV00508
DR00509,2025-10-02,RJ01GA1557,PLT-T1,NAGAUR CEMENT,C-25-33,733.56,708.3,INV00509
DR00510,2025-11-25,RJ17GA2579,PLT-A1,NTPC SIPAT,T-25-03,2030.71,1966.7,INV00510
DR00511,2025-11-23,RJ05GA1117,PLT-T1,KOTA TEXTILE,C-25-44,761.39,741.7,INV00511
DR00512,2025-11-26,RJ23GA7318,PLT-A1,NTPC KORBA,T-25-07,1006.57,979.1,INV00512
DR00513,2025-11-05,RJ19GA8784,PLT-A1,NTPC KORBA,,904.51,870.9,
DR00514,2025-11-22,RJ01GA6922,PLT-A1,NTPC MOUDA,T-25-11,940.84,914.0,INV00514
DR00515,2025-11-05,RJ01GA4974,PLT-A1,NTPC MOUDA,T-25-11,1004.92,977.7,INV00515
DR00516,2025-11-08,RJ06GA4147,PLT-B2,NTPC NORTH KARANPURA,T-25-15,948.15,913.0,INV00516
DR00517,2025-11-13,RJ13GA4393,PLT-B2,NTPC NORTH KARANPURA,T-25-15,1103.41,1070.3,INV00517
DR00518,2025-11-04,RJ04GA3193,PLT-T1,NTPC DARLIPALI,T-25-19,1093.23,1064.3,INV00518
DR00519,2025-11-06,RJ02GA4456,PLT-T1,NTPC DARLIPALI,T-25-19,1141.13,1110.7,INV00519
DR00520,2025-11-09,RJ23GA7939,PLT-B2,NTPC LARA,T-25-22,905.51,870.9,INV00520
DR00521,2025-11-11,RJ02GA6572,PLT-B2,NTPC LARA,T-25-22,979.67,954.1,INV00521
DR00522,2025-11-13,RJ23GA1295,PLT-T1,NTPC GADARWARA,T-25-26,1110.49,1076.1,INV00522
DR00523,2025-11-07,RJ06GA6404,PLT-T1,NTPC GADARWARA,T-25-26,1177.1,1148.9,INV00523
DR00524,2025-11-16,RJ19GA5646,PLT-B2,SURATGARH STPS,T-25-29,1068.18,1044.1,INV00524
DR00525,2025-11-18,RJ05GA9079,PLT-B2,SURATGARH STPS,T-25-29,1008.44,972.6,INV00525
DR00526,2025-11-20,RJ15GA5895,PLT-T1,JAIPUR BOTTLING,C-25-37,621.44,600.0,INV00526
DR00527,2025-11-10,RJ07GA3427,PLT-T1,NAGAUR CEMENT,C-25-33,727.95,708.3,INV00527
DR00528,2025-12-10,RJ27GA4585,PLT-A1,NTPC SIPAT,,2008.35,1966.7,INV00528
DR00529,2025-12-22,RJ07GA7742,PLT-T1,KOTA TEXTILE,C-25-44,764.97,741.7,INV00529
DR00530,2025-12-21,RJ24GA8729,PLT-A1,NTPC KORBA,T-25-07,1896.01,1850.0,INV00530
DR00531,2025-12-23,RJ06GA2403,PLT-A1,NTPC MOUDA,T-25-11,1031.51,1001.7,INV00531
DR00532,2025-12-18,RJ16GA4520,PLT-A1,NTPC MOUDA,T-25-11,917.25,890.0,INV00532
DR00533,2025-12-13,RJ13GA1369,PLT-B2,NTPC NORTH KARANPURA,T-25-15,1040.15,1003.3,INV00533
DR00534,2025-12-15,RJ09GA5134,PLT-B2,NTPC NORTH KARANPURA,T-25-15,1018.01,980.0,INV00534
DR00535,2025-12-17,RJ02GA4491,PLT-T1,NTPC DARLIPALI,T-25-19,1233.97,1196.1,INV00535
DR00536,2025-12-09,RJ21GA8895,PLT-T1,NTPC DARLIPALI,T-25-19,1013.99,978.9,INV00536
DR00537,2025-12-18,RJ12GA9944,PLT-B2,NTPC LARA,T-25-22,1883.44,1825.0,INV00537
DR00538,2025-12-02,RJ13GA2893,PLT-T1,NTPC GADARWARA,T-25-26,1234.16,1195.8,INV00538
DR00539,2025-12-09,RJ14GA9300,PLT-T1,NTPC GADARWARA,T-25-26,1057.61,1029.2,INV00539
DR00540,2025-12-19,RJ17GA8887,PLT-B2,SURATGARH STPS,T-25-29,967.56,935.3,INV00540
DR00541,2025-12-17,RJ06GA1026,PLT-B2,SURATGARH STPS,T-25-29,1104.13,1081.4,INV00541
DR00542,2025-12-07,RJ23GA6820,PLT-T1,JAIPUR BOTTLING,C-25-37,613.06,600.0,INV00542
DR00543,2025-12-04,RJ02GA7687,PLT-T1,NAGAUR CEMENT,C-25-33,730.3,708.3,INV00543
DR00544,2026-01-06,RJ06GA2298,PLT-A1,NTPC SIPAT,T-25-03,2038.29,1966.7,INV00544
DR00545,2026-01-24,RJ11GA3450,PLT-T1,KOTA TEXTILE,C-25-44,756.9,741.7,INV00545
DR00546,2026-01-03,RJ05GA3713,PLT-A1,NTPC KORBA,T-25-07,889.18,866.5,INV00546
DR00547,2026-01-14,RJ14GA2938,PLT-A1,NTPC KORBA,T-25-07,1017.68,983.5,INV00547
DR00548,2026-01-03,RJ19GA2455,PLT-A1,NTPC MOUDA,T-25-11,1957.23,1891.7,INV00548
DR00549,2026-01-09,RJ16GA6823,PLT-B2,NTPC NORTH KARANPURA,T-25-15,1053.06,1026.2,INV00549
DR00550,2026-01-25,RJ05GA5055,PLT-B2,NTPC NORTH KARANPURA,T-25-15,981.93,957.1,INV00550
DR00551,2026-01-07,RJ01GA3228,PLT-T1,NTPC DARLIPALI,T-25-19,1015.5,994.4,INV00551
DR00552,2026-01-18,RJ18GA8411,PLT-T1,NTPC DARLIPALI,,1211.3,1180.6,INV00552
DR00553,2026-01-08,RJ06GA5133,PLT-B2,NTPC LARA,T-25-22,1891.65,1825.0,
DR00554,2026-01-03,RJ18GA9949,PLT-T1,NTPC GADARWARA,T-25-26,1091.33,1061.1,INV00554
DR00555,2026-01-15,RJ18GA5225,PLT-T1,NTPC GADARWARA,T-25-26,1203.76,1163.9,INV00555
DR00556,2026-01-11,RJ07GA5017,PLT-B2,SURATGARH STPS,T-25-29,2076.08,2016.7,INV00556
DR00557,2026-01-20,RJ24GA3735,PLT-T1,JAIPUR BOTTLING,C-25-37,620.82,600.0,INV00557
DR00558,2026-01-14,RJ08GA2526,PLT-T1,NAGAUR CEMENT,C-25-33,735.04,708.3,INV00558
DR00559,2026-02-23,RJ23GA1366,PLT-A1,NTPC SIPAT,T-25-03,2035.43,1966.7,INV00559
DR00560,2026-02-26,RJ19GA5698,PLT-T1,KOTA TEXTILE,,762.77,741.7,INV00560
DR00561,2026-02-14,RJ11GA2441,PLT-A1,NTPC KORBA,T-25-07,998.2,975.6,INV00561
DR00562,2026-02-05,RJ24GA1228,PLT-A1,NTPC KORBA,T-25-07,905.35,874.4,INV00562
DR00563,2026-02-21,RJ06GA6172,PLT-A1,NTPC MOUDA,T-25-11,1954.72,1891.7,INV00563
DR00564,2026-02-03,RJ17GA6416,PLT-B2,NTPC NORTH KARANPURA,T-25-15,2032.02,1983.3,INV00564
DR00565,2026-02-06,RJ06GA2061,PLT-T1,NTPC DARLIPALI,T-25-19,1198.92,1164.2,INV00565
DR00566,2026-02-20,RJ03GA7448,PLT-T1,NTPC DARLIPALI,T-25-19,1032.73,1010.8,INV00566
DR00567,2026-02-14,RJ09GA2747,PLT-B2,NTPC LARA,T-25-22,867.16,838.8,INV00567
DR00568,2026-02-27,RJ09GA6485,PLT-B2,NTPC LARA,T-25-22,1007.4,986.2,INV00568
DR00569,2026-02-05,RJ05GA6727,PLT-T1,NTPC GADARWARA,,1083.97,1045.8,INV00569
DR00570,2026-02-23,RJ27GA5532,PLT-T1,NTPC GADARWARA,T-25-26,1210.9,1179.2,INV00570
DR00571,2026-02-11,RJ26GA3589,PLT-B2,SURATGARH STPS,T-25-29,2067.17,2016.7,INV00571
DR00572,2026-02-24,RJ22GA7441,PLT-T1,JAIPUR BOTTLING,C-25-37,618.23,600.0,INV00572
DR00573,2026-02-10,RJ12GA9002,PLT-T1,NAGAUR CEMENT,C-25-33,734.15,708.3,
DR00574,2026-04-11,RJ19GA1384,PLT-A1,NTPC SIPAT,,1017.18,993.6,INV00574
DR00575,2026-03-15,RJ02GA8577,PLT-A1,NTPC SIPAT,T-25-03,1000.09,973.1,INV00575
DR00576,2026-03-21,RJ26GA7974,PLT-T1,KOTA TEXTILE,C-25-44,760.51,741.7,INV00576
DR00577,2026-03-06,RJ15GA7459,PLT-A1,NTPC KORBA,T-25-07,990.08,966.3,INV00577
DR00578,2026-04-04,RJ14GA6413,PLT-A1,NTPC KORBA,,903.39,883.7,INV00578
DR00579,2026-03-20,RJ15GA4554,PLT-A1,NTPC MOUDA,T-25-11,905.47,874.0,INV00579
DR00580,2026-04-09,RJ26GA7702,PLT-A1,NTPC MOUDA,,1047.81,1017.7,INV00580
DR00581,2026-04-14,RJ26GA7494,PLT-B2,NTPC NORTH KARANPURA,,2040.94,1983.3,INV00581
DR00582,2026-03-13,RJ18GA4539,PLT-T1,NTPC DARLIPALI,T-25-19,1157.52,1123.4,INV00582
DR00583,2026-03-16,RJ12GA3153,PLT-T1,NTPC DARLIPALI,,1078.88,1051.6,INV00583
DR00584,2026-03-05,RJ21GA1495,PLT-B2,NTPC LARA,T-25-22,958.48,933.2,INV00584
DR00585,2026-03-08,RJ20GA8089,PLT-B2,NTPC LARA,T-25-22,921.64,891.8,INV00585
DR00586,2026-04-11,RJ03GA4690,PLT-T1,NTPC GADARWARA,,1176.23,1134.7,INV00586
DR00587,2026-03-25,RJ08GA8499,PLT-T1,NTPC GADARWARA,T-25-26,1126.64,1090.3,INV00587
DR00588,2026-03-18,RJ11GA3367,PLT-B2,SURATGARH STPS,,1135.9,1093.4,INV00588
DR00589,2026-03-04,RJ15GA1831,PLT-B2,SURATGARH STPS,T-25-29,957.63,923.3,INV00589
DR00590,2026-03-12,RJ17GA8236,PLT-T1,JAIPUR BOTTLING,C-25-37,613.27,600.0,INV00590
DR00591,2026-03-03,RJ06GA6411,PLT-T1,NAGAUR CEMENT,C-25-33,725.78,708.3,INV00591
DR00592,2026-04-03,RJ08GA9709,PLT-T1,JAIPUR BOTTLING,C-25-37,614.59,600.0,INV00592
DR00593,2026-04-18,RJ06GA6964,PLT-T1,NAGAUR CEMENT,,735.17,708.3,INV00593
DR00594,2026-04-06,RJ11GA5991,PLT-T1,NTPC SIPAT,T-26-04,2044.5,1975.0,INV00594
DR00595,2026-04-07,RJ23GA4567,PLT-A1,KOTA TEXTILE,C-26-45,692.81,666.7,INV00595
DR00596,2026-04-26,RJ15GA1885,PLT-A1,NTPC KORBA,T-26-08,1059.43,1038.2,INV00596
DR00597,2026-04-09,RJ03GA4142,PLT-A1,NTPC KORBA,T-26-08,1231.21,1203.5,INV00597
DR00598,2026-04-08,RJ05GA1465,PLT-B2,NTPC MOUDA,T-26-12,914.86,888.9,INV00598
DR00599,2026-04-07,RJ27GA6113,PLT-B2,NTPC MOUDA,T-26-12,885.52,861.1,INV00599
DR00600,2026-04-17,RJ08GA6036,PLT-T1,NTPC NORTH KARANPURA,T-26-16,1144.14,1104.5,INV00600
DR00601,2026-04-15,RJ19GA5094,PLT-T1,NTPC NORTH KARANPURA,T-26-16,955.98,928.8,INV00601
DR00602,2026-04-22,RJ01GA6936,PLT-A1,NTPC DARLIPALI,T-26-20,1241.67,1200.6,INV00602
DR00603,2026-04-27,RJ22GA4346,PLT-A1,NTPC DARLIPALI,T-26-20,1082.74,1041.1,INV00603
DR00604,2026-04-25,RJ07GA1643,PLT-B2,NTPC LARA,T-26-23,1024.6,991.3,INV00604
DR00605,2026-04-18,RJ09GA2934,PLT-B2,NTPC LARA,T-26-23,910.27,892.0,INV00605
DR00606,2026-04-23,RJ27GA1769,PLT-T1,SURATGARH STPS,T-26-30,2049.24,1975.0,INV00606
DR00607,2026-06-06,RJ15GA5528,PLT-T1,JAIPUR BOTTLING,,619.7,600.0,INV00607
DR00608,2026-06-04,RJ21GA5598,PLT-T1,NAGAUR CEMENT,,727.46,708.3,INV00608
DR00609,2026-05-04,RJ27GA7992,PLT-T1,NTPC SIPAT,T-26-04,920.31,892.8,INV00609
DR00610,2026-05-18,RJ08GA2951,PLT-T1,NTPC SIPAT,T-26-04,1105.89,1082.2,INV00610
DR00611,2026-05-08,RJ19GA4071,PLT-A1,KOTA TEXTILE,C-26-45,683.38,666.7,INV00611
DR00612,2026-05-17,RJ07GA4339,PLT-A1,NTPC KORBA,T-26-08,1035.69,1011.1,INV00612
DR00613,2026-05-03,RJ15GA2864,PLT-A1,NTPC KORBA,T-26-08,1266.81,1230.6,
DR00614,2026-05-04,RJ15GA8726,PLT-B2,NTPC MOUDA,T-26-12,1803.98,1750.0,INV00614
DR00615,2026-05-16,RJ06GA1397,PLT-T1,NTPC NORTH KARANPURA,T-26-16,2099.38,2033.3,INV00615
DR00616,2026-05-05,RJ11GA2301,PLT-A1,NTPC DARLIPALI,T-26-20,1132.71,1100.7,INV00616
DR00617,2026-05-22,RJ03GA7372,PLT-A1,NTPC DARLIPALI,T-26-20,1181.62,1141.0,INV00617
DR00618,2026-05-23,RJ27GA8752,PLT-B2,NTPC LARA,T-26-23,953.71,927.6,INV00618
DR00619,2026-05-04,RJ13GA9910,PLT-B2,NTPC LARA,T-26-23,979.98,955.7,INV00619
DR00620,2026-05-12,RJ03GA7839,PLT-T1,SURATGARH STPS,T-26-30,997.39,970.0,INV00620
DR00621,2026-05-21,RJ12GA1761,PLT-T1,SURATGARH STPS,T-26-30,1044.18,1005.0,INV00621
DR00622,2026-06-15,RJ19GA2428,PLT-T1,NTPC SIPAT,T-26-04,1049.19,1028.6,INV00622
DR00623,2026-06-20,RJ04GA4382,PLT-T1,NTPC SIPAT,T-26-04,980.83,946.4,INV00623
DR00624,2026-06-13,RJ21GA7163,PLT-A1,KOTA TEXTILE,C-26-45,687.73,666.7,INV00624
DR00625,2026-06-13,RJ26GA1936,PLT-A1,NTPC KORBA,T-26-08,1127.55,1088.6,INV00625
DR00626,2026-06-05,RJ25GA2947,PLT-A1,NTPC KORBA,,1185.77,1153.1,INV00626
DR00627,2026-06-27,RJ03GA4722,PLT-B2,NTPC MOUDA,T-26-12,948.6,929.2,INV00627
DR00628,2026-06-17,RJ15GA2320,PLT-B2,NTPC MOUDA,T-26-12,850.47,820.8,INV00628
DR00629,2026-06-16,RJ22GA4199,PLT-T1,NTPC NORTH KARANPURA,T-26-16,961.63,939.3,INV00629
DR00630,2026-06-08,RJ09GA3671,PLT-T1,NTPC NORTH KARANPURA,T-26-16,1130.82,1094.0,INV00630
DR00631,2026-06-19,RJ20GA4019,PLT-A1,NTPC DARLIPALI,T-26-20,1101.59,1079.9,INV00631
DR00632,2026-06-27,RJ21GA9892,PLT-A1,NTPC DARLIPALI,,1203.87,1161.8,INV00632
DR00633,2026-06-25,RJ13GA5985,PLT-B2,NTPC LARA,T-26-23,1944.84,1883.3,INV00633
DR00634,2026-06-18,RJ16GA8051,PLT-T1,SURATGARH STPS,T-26-30,1081.2,1059.2,INV00634
DR00635,2026-06-16,RJ13GA7667,PLT-T1,SURATGARH STPS,T-26-30,944.8,915.8,INV00635
DR00636,2026-06-21,RJ22GA2340,PLT-A1,JAIPUR BOTTLING,C-26-38,643.58,625.0,INV00636
DR00637,2026-06-18,RJ23GA4418,PLT-T1,NAGAUR CEMENT,C-26-34,606.91,591.7,INV00637
DR00638,2026-07-22,RJ13GA7773,PLT-T1,NTPC SIPAT,T-26-04,916.23,896.8,INV00638
DR00639,2026-07-13,RJ14GA1553,PLT-T1,NTPC SIPAT,T-26-04,1101.55,1078.2,INV00639
DR00640,2026-07-02,RJ17GA5805,PLT-A1,KOTA TEXTILE,C-26-45,687.6,666.7,INV00640
DR00641,2026-07-23,RJ16GA6916,PLT-A1,NTPC KORBA,T-26-08,1151.6,1111.0,INV00641
DR00642,2026-07-19,RJ27GA2528,PLT-A1,NTPC KORBA,T-26-08,1155.49,1130.7,INV00642
DR00643,2026-07-23,RJ11GA7321,PLT-B2,NTPC MOUDA,T-26-12,1802.24,1750.0,INV00643
DR00644,2026-07-17,RJ24GA4593,PLT-T1,NTPC NORTH KARANPURA,T-26-16,1019.72,997.0,INV00644
DR00645,2026-07-25,RJ21GA1755,PLT-T1,NTPC NORTH KARANPURA,T-26-16,1073.18,1036.3,INV00645
DR00646,2026-07-04,RJ27GA2212,PLT-A1,NTPC DARLIPALI,T-26-20,1111.16,1071.4,INV00646
DR00647,2026-07-03,RJ03GA6920,PLT-A1,NTPC DARLIPALI,T-26-20,1214.38,1170.3,INV00647
DR00648,2026-07-02,RJ11GA3820,PLT-B2,NTPC LARA,T-26-23,1923.3,1883.3,INV00648
DR00649,2026-07-19,RJ17GA6574,PLT-T1,SURATGARH STPS,T-26-30,1106.26,1077.5,INV00649
DR00650,2026-07-11,RJ02GA8773,PLT-T1,SURATGARH STPS,T-26-30,932.82,897.5,INV00650
DR00651,2026-07-26,RJ22GA5199,PLT-A1,JAIPUR BOTTLING,C-26-38,643.4,625.0,INV00651
DR00652,2026-07-20,RJ23GA5057,PLT-T1,NAGAUR CEMENT,C-26-34,605.07,591.7,INV00652
DR00653,2026-07-22,RJ11GA6652,PLT-A1,BHILWARA PAPER,C-26-41,514.94,500.0,INV00653
DR00654,2026-08-25,RJ11GA1697,PLT-T1,NTPC SIPAT,T-26-04,2020.7,1975.0,INV00654
DR00655,2026-08-19,RJ09GA8453,PLT-A1,KOTA TEXTILE,C-26-45,688.96,666.7,INV00655
DR00656,2026-08-03,RJ01GA1638,PLT-A1,NTPC KORBA,T-26-08,1159.04,1132.2,INV00656
DR00657,2026-08-27,RJ06GA2227,PLT-A1,NTPC KORBA,T-26-08,1145.39,1109.5,INV00657
DR00658,2026-08-12,RJ18GA2666,PLT-B2,NTPC MOUDA,T-26-12,963.15,932.2,INV00658
DR00659,2026-08-09,RJ05GA6518,PLT-B2,NTPC MOUDA,T-26-12,844.94,817.8,INV00659
DR00660,2026-08-04,RJ01GA5500,PLT-T1,NTPC NORTH KARANPURA,T-26-16,1082.27,1046.8,INV00660
DR00661,2026-08-08,RJ11GA9877,PLT-T1,NTPC NORTH KARANPURA,T-26-16,1023.93,986.5,INV00661
DR00662,2026-08-02,RJ06GA9513,PLT-A1,NTPC DARLIPALI,T-26-20,1193.38,1161.4,INV00662
DR00663,2026-08-11,RJ17GA7038,PLT-A1,NTPC DARLIPALI,T-26-20,1112.99,1080.3,INV00663
DR00664,2026-08-19,RJ11GA7716,PLT-B2,NTPC LARA,T-26-23,1051.88,1018.4,INV00664
DR00665,2026-08-24,RJ11GA9876,PLT-B2,NTPC LARA,T-26-23,889.57,864.9,INV00665
DR00666,2026-08-26,RJ26GA6108,PLT-T1,SURATGARH STPS,T-26-30,941.45,914.2,INV00666
DR00667,2026-08-14,RJ08GA7929,PLT-T1,SURATGARH STPS,T-26-30,1095.15,1060.8,INV00667
DR00668,2026-08-16,RJ20GA2582,PLT-A1,JAIPUR BOTTLING,C-26-38,638.68,625.0,INV00668
DR00669,2026-08-11,RJ09GA1923,PLT-T1,NAGAUR CEMENT,C-26-34,610.41,591.7,INV00669
DR00670,2026-08-18,RJ17GA1889,PLT-A1,BHILWARA PAPER,C-26-41,513.49,500.0,INV00670
